problem,repair_id,status
scholarship,b1919b0ba83349d09f00,FORMALLY_VIOLATED
scholarship,c4a4eebfd6095415f728,FORMALLY_VIOLATED
scholarship,d505721b7b400de0f561,FORMALLY_VIOLATED
scholarship,4ada292fbcf4dcd5eb85,FORMALLY_VIOLATED
scholarship,0626fafb451bccd703a7,FORMALLY_SATISFIED_WITHIN_DOMAIN
scholarship,0ebbea0f86170931d318,FORMALLY_VIOLATED
scholarship,d09e37eafc0fd46b2caf,FORMALLY_VIOLATED
scholarship,8b746b645d58b6cef693,FORMALLY_VIOLATED
scholarship,831a0892d519f2d002cf,FORMALLY_SATISFIED_WITHIN_DOMAIN
scholarship,219127fedc77e0be17fd,FORMALLY_SATISFIED_WITHIN_DOMAIN
scholarship,5cdc95d09bdf5cc68824,FORMALLY_SATISFIED_WITHIN_DOMAIN
scholarship,7f348d43069714689b31,FORMALLY_SATISFIED_WITHIN_DOMAIN
stacked,3f46601afc16fe865411,FORMALLY_SATISFIED_WITHIN_DOMAIN
stacked,1f4cf4f3d2212670d63d,FORMALLY_SATISFIED_WITHIN_DOMAIN
stacked,0e17827b3a20d62e8e35,FORMALLY_VIOLATED
stacked,27afba5a1064817f3e82,FORMALLY_VIOLATED
stacked,e90b560842d9377a8045,FORMALLY_VIOLATED
stacked,226ca5d2ac025d3f0db5,FORMALLY_VIOLATED
stacked,f049b41fb2127ebee85f,FORMALLY_VIOLATED
stacked,8c7869b2ee072d462f54,FORMALLY_VIOLATED
stacked,67f7d59ef950e2758113,FORMALLY_VIOLATED
stacked,e0d85c12f200614a6197,FORMALLY_VIOLATED
stacked,8748097fa704bfb241e6,FORMALLY_VIOLATED
stacked,c1f02fb323bb5611e1c2,FORMALLY_VIOLATED
stacked,8a339d64107eb1325bd4,FORMALLY_VIOLATED
stacked,670e553ddd8e4d408e6b,FORMALLY_VIOLATED
stacked,d1aa8daedfec8dc3d847,FORMALLY_VIOLATED
stacked,1d9c0bf498ef548c37f9,FORMALLY_VIOLATED
stacked,819c6858fb2eacf0a4a0,FORMALLY_VIOLATED
stacked,a6afeb8c07e16c4de725,FORMALLY_VIOLATED
stacked,8027bf5fef48bd88947d,FORMALLY_VIOLATED
procurement,bfce042c6cdd6ab21b10,FORMALLY_VIOLATED
procurement,ba9575d157146140b566,FORMALLY_VIOLATED
procurement,33f3c547dc5371c7c364,FORMALLY_VIOLATED
procurement,6ae9d627d2e142e5ab6f,FORMALLY_VIOLATED
procurement,022551698298d5480568,FORMALLY_SATISFIED_WITHIN_DOMAIN
procurement,f18b6958859943beb98c,FORMALLY_VIOLATED
procurement,13a42a90b5f321a85541,FORMALLY_VIOLATED
procurement,b52b1341c048494b39f3,FORMALLY_VIOLATED
procurement,2ac30cc28e8933ed174a,FORMALLY_VIOLATED
procurement,a601fdc43cd1a98e6c6e,FORMALLY_VIOLATED
procurement,64836388dd87ba6bec4c,FORMALLY_SATISFIED_WITHIN_DOMAIN
procurement,5975ed545cfb74a58aa2,FORMALLY_SATISFIED_WITHIN_DOMAIN
