repair_id,family,changes,status,gate,max_residual_gain,population_profitable_share,fiscal_deviation,distance,complexity,harmful_equilibria,mutation_fragility,formal_status
3f46601afc16fe865411,PARAMETER_EDIT,"{""award_a"": ""0"", ""award_b"": ""0""}",CONSTRAINT_VIOLATION,REPAIR_FAIL,0,0,0,2,1,0,0,FORMALLY_SATISFIED_WITHIN_DOMAIN
1f4cf4f3d2212670d63d,PARAMETER_EDIT,"{""award_a"": ""0"", ""award_b"": ""1""}",CONSTRAINT_VIOLATION,REPAIR_FAIL,0,0,0,1.8,1,0,0,FORMALLY_SATISFIED_WITHIN_DOMAIN
0e17827b3a20d62e8e35,PARAMETER_EDIT,"{""award_a"": ""0"", ""award_b"": ""3""}",CONSTRAINT_VIOLATION,REPAIR_FAIL,2,0.03571428571428571428571428571,0,1.4,1,0,0,FORMALLY_VIOLATED
27afba5a1064817f3e82,PARAMETER_EDIT,"{""award_a"": ""0"", ""award_b"": ""5""}",CONSTRAINT_VIOLATION,REPAIR_FAIL,4,0.08333333333333333333333333333,0,1,1,0,0,FORMALLY_VIOLATED
e90b560842d9377a8045,PARAMETER_EDIT,"{""award_a"": ""2"", ""award_b"": ""0""}",CONSTRAINT_VIOLATION,REPAIR_FAIL,1,0.01190476190476190476190476190,0,1.75,1,0,0,FORMALLY_VIOLATED
226ca5d2ac025d3f0db5,PARAMETER_EDIT,"{""award_a"": ""2"", ""award_b"": ""1""}",CONSTRAINT_VIOLATION,REPAIR_FAIL,1,0.02380952380952380952380952381,0,1.55,1,0,0,FORMALLY_VIOLATED
f049b41fb2127ebee85f,PARAMETER_EDIT,"{""award_a"": ""2"", ""award_b"": ""3""}",CONSTRAINT_VIOLATION,REPAIR_FAIL,3,0.07142857142857142857142857143,0,1.15,1,0,0,FORMALLY_VIOLATED
8c7869b2ee072d462f54,PARAMETER_EDIT,"{""award_a"": ""2"", ""award_b"": ""5""}",CONSTRAINT_VIOLATION,REPAIR_FAIL,5,0.1071428571428571428571428571,0,0.75,1,0,0,FORMALLY_VIOLATED
67f7d59ef950e2758113,PARAMETER_EDIT,"{""award_a"": ""4"", ""award_b"": ""0""}",CONSTRAINT_VIOLATION,REPAIR_FAIL,3,0.05952380952380952380952380952,0,1.5,1,0,0,FORMALLY_VIOLATED
e0d85c12f200614a6197,PARAMETER_EDIT,"{""award_a"": ""4"", ""award_b"": ""1""}",CONSTRAINT_VIOLATION,REPAIR_FAIL,3,0.08333333333333333333333333333,0,1.3,1,0,0,FORMALLY_VIOLATED
8748097fa704bfb241e6,PARAMETER_EDIT,"{""award_a"": ""4"", ""award_b"": ""3""}",PARTIALLY_FIXED,REPAIR_FAIL,5,0.1190476190476190476190476190,0,0.9,1,0,0,FORMALLY_VIOLATED
c1f02fb323bb5611e1c2,PARAMETER_EDIT,"{""award_a"": ""4"", ""award_b"": ""5""}",PARTIALLY_FIXED,REPAIR_FAIL,7,0.1428571428571428571428571429,0,0.5,1,0,0,FORMALLY_VIOLATED
8a339d64107eb1325bd4,PARAMETER_EDIT,"{""award_a"": ""6"", ""award_b"": ""0""}",CONSTRAINT_VIOLATION,REPAIR_FAIL,5,0.1071428571428571428571428571,0,1.25,1,0,0,FORMALLY_VIOLATED
670e553ddd8e4d408e6b,PARAMETER_EDIT,"{""award_a"": ""6"", ""award_b"": ""1""}",CONSTRAINT_VIOLATION,REPAIR_FAIL,5,0.1190476190476190476190476190,0,1.05,1,0,0,FORMALLY_VIOLATED
d1aa8daedfec8dc3d847,PARAMETER_EDIT,"{""award_a"": ""6"", ""award_b"": ""3""}",PARTIALLY_FIXED,REPAIR_FAIL,7,0.1428571428571428571428571429,0,0.65,1,0,0,FORMALLY_VIOLATED
1d9c0bf498ef548c37f9,PARAMETER_EDIT,"{""award_a"": ""6"", ""award_b"": ""5""}",PARTIALLY_FIXED,REPAIR_FAIL,9,0.1666666666666666666666666667,0,0.25,1,0,0,FORMALLY_VIOLATED
819c6858fb2eacf0a4a0,PARAMETER_EDIT,"{""award_a"": ""8"", ""award_b"": ""0""}",CONSTRAINT_VIOLATION,REPAIR_FAIL,7,0.1428571428571428571428571429,0,1,1,0,0,FORMALLY_VIOLATED
a6afeb8c07e16c4de725,PARAMETER_EDIT,"{""award_a"": ""8"", ""award_b"": ""1""}",CONSTRAINT_VIOLATION,REPAIR_FAIL,7,0.1547619047619047619047619048,0,0.8,1,0,0,FORMALLY_VIOLATED
8027bf5fef48bd88947d,PARAMETER_EDIT,"{""award_a"": ""8"", ""award_b"": ""3""}",PARTIALLY_FIXED,REPAIR_FAIL,9,0.1785714285714285714285714286,0,0.4,1,0,0,FORMALLY_VIOLATED
