benchmark_id,method,status,evaluations,elapsed_seconds,evaluations_to_first,time_to_first,detected,if_cwe,gain
ext-aca-ptc-2020,random,VIOLATION_FOUND,1,0.0003448000006756047,1,0.00030980000065028435,True,IF-001,5994.5
ext-al-medicaid-parent-2023,random,VIOLATION_FOUND,1,0.00016509999932168284,1,0.0001483999994889018,True,IF-001,7.8
ext-az-child-interaction-2023,random,NO_VIOLATION_FOUND_WITHIN_BUDGET,100,0.0009744999997565174,,,False,,
ext-co-medicaid-adult-2023,random,VIOLATION_FOUND,1,0.00015150000035646372,1,0.0001328999996985658,True,IF-001,6.7
ext-eitc-one-child-2024,random,NO_VIOLATION_FOUND_WITHIN_BUDGET,92,0.00038379999932658393,,,False,,
ext-far-mpt-2017,random,VIOLATION_FOUND,2,0.00020459999996091938,2,0.00018670000008569332,True,IF-007,99
ext-ny-fcep-2024,random,VIOLATION_FOUND,3,0.0001584999999977299,3,0.00014620000001741573,True,IF-001,8.9
ext-pa-chip-2022,random,VIOLATION_FOUND,3,0.00013649999982590089,3,0.00012320000041654566,True,IF-001,7.8
ext-snap-gross-2024,random,VIOLATION_FOUND,2,0.00014290000035543926,2,0.00012770000012096716,True,IF-001,5.6
ext-ssa-ret-2024,random,NO_VIOLATION_FOUND_WITHIN_BUDGET,92,0.00037860000065848,,,False,,
int-boundary-high,random,VIOLATION_FOUND,5,0.0001422000004822621,5,0.00012990000050194794,True,IF-001,4
int-boundary-low,random,VIOLATION_FOUND,6,0.00013480000052368268,6,0.00012250000054336851,True,IF-001,3
int-cliff-inclusive,random,VIOLATION_FOUND,14,0.00023359999977401458,14,0.00021839999953954248,True,IF-001,6
int-cliff-low,random,VIOLATION_FOUND,27,0.00024399999983870657,27,0.0002266000001327484,True,IF-001,4
int-cliff-medium,random,VIOLATION_FOUND,3,0.00024169999960577115,3,0.00022649999937129905,True,IF-001,4
int-composition-three,random,VIOLATION_FOUND,5,0.0002567999999882886,5,0.00024049999956332613,True,IF-015,3
int-high-cost,random,NO_VIOLATION_FOUND_WITHIN_BUDGET,100,0.0003281999997852836,,,False,,
int-honest-reporting,random,NO_VIOLATION_FOUND_WITHIN_BUDGET,100,0.00033150000035675475,,,False,,
int-inclusive-validation,random,VIOLATION_FOUND,21,0.0002345000002605957,21,0.0002193000000261236,True,IF-001,3
int-linear-phaseout,random,NO_VIOLATION_FOUND_WITHIN_BUDGET,100,0.00042380000013508834,,,False,,
int-process-small,random,VIOLATION_FOUND,2,0.00019050000082643237,2,0.00017800000023271423,True,IF-001,6
int-procurement,random,VIOLATION_FOUND,2,0.0002554000002419343,2,0.00023609999971085927,True,IF-001,10
int-reporting,random,VIOLATION_FOUND,13,0.00022149999949760968,13,0.00020849999964411836,True,IF-001,7
int-stacked-close,random,VIOLATION_FOUND,3,0.000250199999754841,3,0.00023439999949914636,True,IF-015,4
int-stacked-wide,random,VIOLATION_FOUND,6,0.000252800000453135,6,0.00023440000040864106,True,IF-015,1
int-zero-award,random,NO_VIOLATION_FOUND_WITHIN_BUDGET,100,0.0003288000007160008,,,False,,
neg-cost-dominates,random,NO_VIOLATION_FOUND_WITHIN_BUDGET,100,0.0003212000001440174,,,False,,
neg-linear-half,random,NO_VIOLATION_FOUND_WITHIN_BUDGET,100,0.00042329999996582046,,,False,,
neg-linear-third,random,NO_VIOLATION_FOUND_WITHIN_BUDGET,100,0.0006258000003072084,,,False,,
neg-no-award,random,NO_VIOLATION_FOUND_WITHIN_BUDGET,100,0.0004484999999476713,,,False,,
ext-aca-ptc-2020,grid,VIOLATION_FOUND,17,0.00013350000062928302,17,0.00010290000045642955,True,IF-001,5998.9
ext-al-medicaid-parent-2023,grid,VIOLATION_FOUND,17,9.390000013809185e-05,17,8.379999962926377e-05,True,IF-001,8.9
ext-az-child-interaction-2023,grid,NO_VIOLATION_FOUND_WITHIN_BUDGET,55,0.0005484000002979883,,,False,,
ext-co-medicaid-adult-2023,grid,VIOLATION_FOUND,17,8.69999994392856e-05,17,7.550000009359792e-05,True,IF-001,8.9
ext-eitc-one-child-2024,grid,NO_VIOLATION_FOUND_WITHIN_BUDGET,92,0.00032360000022890745,,,False,,
ext-far-mpt-2017,grid,VIOLATION_FOUND,10,7.069999992381781e-05,10,5.8200000239594374e-05,True,IF-007,99
ext-ny-fcep-2024,grid,VIOLATION_FOUND,17,8.299999990413198e-05,17,7.400000049528899e-05,True,IF-001,8.9
ext-pa-chip-2022,grid,VIOLATION_FOUND,17,8.200000047509093e-05,17,7.370000002993038e-05,True,IF-001,8.9
ext-snap-gross-2024,grid,VIOLATION_FOUND,12,8.589999924879521e-05,12,7.729999924777076e-05,True,IF-001,8.9
ext-ssa-ret-2024,grid,NO_VIOLATION_FOUND_WITHIN_BUDGET,92,0.00030640000022685854,,,False,,
int-boundary-high,grid,VIOLATION_FOUND,36,9.990000035031699e-05,36,9.109999973588856e-05,True,IF-001,4
int-boundary-low,grid,VIOLATION_FOUND,5,6.379999922501156e-05,5,5.559999954130035e-05,True,IF-001,4
int-cliff-inclusive,grid,VIOLATION_FOUND,19,0.00015970000004017493,19,0.0001498000001447508,True,IF-001,7
int-cliff-low,grid,VIOLATION_FOUND,17,0.0001509000003352412,17,0.00014230000033421675,True,IF-001,7
int-cliff-medium,grid,VIOLATION_FOUND,27,0.0001609999999345746,27,0.000152900000102818,True,IF-001,5
int-composition-three,grid,VIOLATION_FOUND,25,0.0001953999999386724,25,0.00018619999991642544,True,IF-015,4
int-high-cost,grid,NO_VIOLATION_FOUND_WITHIN_BUDGET,57,0.00019740000061574392,,,False,,
int-honest-reporting,grid,NO_VIOLATION_FOUND_WITHIN_BUDGET,57,0.00020000000040454324,,,False,,
int-inclusive-validation,grid,VIOLATION_FOUND,39,0.00018869999985327013,39,0.00017900000057124998,True,IF-001,4
int-linear-phaseout,grid,NO_VIOLATION_FOUND_WITHIN_BUDGET,57,0.00025660000028437935,,,False,,
int-process-small,grid,VIOLATION_FOUND,28,0.0001692000005277805,28,0.00015619999976479448,True,IF-001,6
int-procurement,grid,VIOLATION_FOUND,20,0.00019630000042525353,20,0.00018670000008569332,True,IF-001,18
int-reporting,grid,VIOLATION_FOUND,17,0.00015389999953185907,17,0.0001452999995308346,True,IF-001,7
int-stacked-close,grid,VIOLATION_FOUND,15,0.00018079999972542282,15,0.00017139999999926658,True,IF-015,5
int-stacked-wide,grid,VIOLATION_FOUND,11,0.00017380000008415664,11,0.00016450000020995503,True,IF-015,4
int-zero-award,grid,NO_VIOLATION_FOUND_WITHIN_BUDGET,57,0.00019419999989622738,,,False,,
neg-cost-dominates,grid,NO_VIOLATION_FOUND_WITHIN_BUDGET,57,0.00019470000006549526,,,False,,
neg-linear-half,grid,NO_VIOLATION_FOUND_WITHIN_BUDGET,57,0.0005469999996421393,,,False,,
neg-linear-third,grid,NO_VIOLATION_FOUND_WITHIN_BUDGET,57,0.00025569999979779823,,,False,,
neg-no-award,grid,NO_VIOLATION_FOUND_WITHIN_BUDGET,57,0.0001920000004247413,,,False,,
ext-aca-ptc-2020,boundary,VIOLATION_FOUND,7,0.00010279999969498022,7,8.140000045386842e-05,True,IF-001,5998.9
ext-al-medicaid-parent-2023,boundary,VIOLATION_FOUND,11,7.069999992381781e-05,11,6.120000034570694e-05,True,IF-001,8.9
ext-az-child-interaction-2023,boundary,NO_VIOLATION_FOUND_WITHIN_BUDGET,18,0.0004155000005994225,,,False,,
ext-co-medicaid-adult-2023,boundary,VIOLATION_FOUND,11,6.440000015572878e-05,11,5.580000015470432e-05,True,IF-001,8.9
ext-eitc-one-child-2024,boundary,NO_VIOLATION_FOUND_WITHIN_BUDGET,15,0.00010199999996984843,,,False,,
ext-far-mpt-2017,boundary,VIOLATION_FOUND,6,4.8999999307852704e-05,6,3.8299999687296804e-05,True,IF-007,99
ext-ny-fcep-2024,boundary,VIOLATION_FOUND,11,6.539999958476983e-05,11,5.719999990105862e-05,True,IF-001,8.9
ext-pa-chip-2022,boundary,VIOLATION_FOUND,11,6.159999975352548e-05,11,5.419999979494605e-05,True,IF-001,8.9
ext-snap-gross-2024,boundary,VIOLATION_FOUND,6,6.359999952110229e-05,6,5.599999985861359e-05,True,IF-001,8.9
ext-ssa-ret-2024,boundary,NO_VIOLATION_FOUND_WITHIN_BUDGET,15,0.00010130000009667128,,,False,,
int-boundary-high,boundary,VIOLATION_FOUND,6,5.1500000154192094e-05,6,4.439999975147657e-05,True,IF-001,4
int-boundary-low,boundary,VIOLATION_FOUND,4,5.729999975301325e-05,4,4.929999977321131e-05,True,IF-001,4
int-cliff-inclusive,boundary,VIOLATION_FOUND,14,0.00013579999995272374,14,0.0001275000004170579,True,IF-001,7
int-cliff-low,boundary,VIOLATION_FOUND,8,0.00012680000054388074,8,0.00011919999997189734,True,IF-001,7
int-cliff-medium,boundary,VIOLATION_FOUND,8,0.00012340000012045493,8,0.00011620000077527948,True,IF-001,5
int-composition-three,boundary,VIOLATION_FOUND,10,0.00017250000018975697,10,0.0001640999998926418,True,IF-015,3
int-high-cost,boundary,NO_VIOLATION_FOUND_WITHIN_BUDGET,18,0.00012830000014218967,,,False,,
int-honest-reporting,boundary,NO_VIOLATION_FOUND_WITHIN_BUDGET,18,0.00012820000029023504,,,False,,
int-inclusive-validation,boundary,VIOLATION_FOUND,14,0.00012909999986732146,14,0.0001216000000567874,True,IF-001,4
int-linear-phaseout,boundary,NO_VIOLATION_FOUND_WITHIN_BUDGET,18,0.00014719999944645679,,,False,,
int-process-small,boundary,VIOLATION_FOUND,10,0.00011730000005627517,10,0.00010899999961111462,True,IF-001,6
int-procurement,boundary,VIOLATION_FOUND,12,0.00014650000048277434,12,0.0001382000000376138,True,IF-001,18
int-reporting,boundary,VIOLATION_FOUND,8,0.00012269999933778308,8,0.00011559999984456226,True,IF-001,7
int-stacked-close,boundary,VIOLATION_FOUND,10,0.00016739999955461826,10,0.00015910000001895241,True,IF-015,5
int-stacked-wide,boundary,VIOLATION_FOUND,10,0.00017289999959757552,10,0.0001643999994485057,True,IF-015,4
int-zero-award,boundary,NO_VIOLATION_FOUND_WITHIN_BUDGET,18,0.00012800000058632577,,,False,,
neg-cost-dominates,boundary,NO_VIOLATION_FOUND_WITHIN_BUDGET,18,0.00013349999971978832,,,False,,
neg-linear-half,boundary,NO_VIOLATION_FOUND_WITHIN_BUDGET,18,0.00014860000010230578,,,False,,
neg-linear-third,boundary,NO_VIOLATION_FOUND_WITHIN_BUDGET,18,0.00014730000020790612,,,False,,
neg-no-award,boundary,NO_VIOLATION_FOUND_WITHIN_BUDGET,18,0.0001280999995287857,,,False,,
ext-aca-ptc-2020,exhaustive,VIOLATION_FOUND,17,0.00010640000073181,17,5.760000021837186e-05,True,IF-001,5998.9
ext-al-medicaid-parent-2023,exhaustive,VIOLATION_FOUND,17,9.210000007442432e-05,17,5.250000049272785e-05,True,IF-001,8.9
ext-az-child-interaction-2023,exhaustive,NO_VIOLATION_FOUND_WITHIN_BUDGET,100,0.0008920000000216532,,,False,,
ext-co-medicaid-adult-2023,exhaustive,VIOLATION_FOUND,17,9.020000015880214e-05,17,5.140000030223746e-05,True,IF-001,8.9
ext-eitc-one-child-2024,exhaustive,EXHAUSTIVE_NO_VIOLATION,92,0.00038860000040585874,,,False,,
ext-far-mpt-2017,exhaustive,VIOLATION_FOUND,10,0.00013209999997343402,10,4.239999998389976e-05,True,IF-007,99
ext-ny-fcep-2024,exhaustive,VIOLATION_FOUND,17,0.00010290000045642955,17,5.9500000133994035e-05,True,IF-001,8.9
ext-pa-chip-2022,exhaustive,VIOLATION_FOUND,17,8.84000000951346e-05,17,5.0099999498343095e-05,True,IF-001,8.9
ext-snap-gross-2024,exhaustive,VIOLATION_FOUND,12,9.510000018053688e-05,12,5.01000004078378e-05,True,IF-001,8.9
ext-ssa-ret-2024,exhaustive,EXHAUSTIVE_NO_VIOLATION,92,0.000314799999614479,,,False,,
int-boundary-high,exhaustive,VIOLATION_FOUND,36,0.00010300000030838419,36,6.759999996575061e-05,True,IF-001,4
int-boundary-low,exhaustive,VIOLATION_FOUND,5,7.019999975454994e-05,5,3.500000002532033e-05,True,IF-001,4
int-cliff-inclusive,exhaustive,VIOLATION_FOUND,53,0.0002812000002450077,53,0.00017449999995733378,True,IF-001,7
int-cliff-low,exhaustive,VIOLATION_FOUND,47,0.00025659999937488465,47,0.00014549999923474388,True,IF-001,7
int-cliff-medium,exhaustive,VIOLATION_FOUND,77,0.00030109999988781055,77,0.0001909000002342509,True,IF-001,5
int-composition-three,exhaustive,VIOLATION_FOUND,54,0.00033540000003995374,54,0.00019960000008723,True,IF-015,3
int-high-cost,exhaustive,NO_VIOLATION_FOUND_WITHIN_BUDGET,100,0.00031909999961499125,,,False,,
int-honest-reporting,exhaustive,NO_VIOLATION_FOUND_WITHIN_BUDGET,100,0.0003102000000581029,,,False,,
int-inclusive-validation,exhaustive,NO_VIOLATION_FOUND_WITHIN_BUDGET,100,0.0003050999994229642,,,False,,
int-linear-phaseout,exhaustive,NO_VIOLATION_FOUND_WITHIN_BUDGET,100,0.00041479999981675064,,,False,,
int-process-small,exhaustive,VIOLATION_FOUND,54,0.00024370000028284267,54,0.00015040000016597332,True,IF-001,6
int-procurement,exhaustive,VIOLATION_FOUND,57,0.00028340000062598847,57,0.00017040000057022553,True,IF-001,18
int-reporting,exhaustive,VIOLATION_FOUND,47,0.00025100000038946746,47,0.00014540000029228395,True,IF-001,7
int-stacked-close,exhaustive,VIOLATION_FOUND,54,0.00032190000001719454,54,0.00019019999945157906,True,IF-015,5
int-stacked-wide,exhaustive,VIOLATION_FOUND,38,0.0002986999998029205,38,0.00016730000061215833,True,IF-015,4
int-zero-award,exhaustive,NO_VIOLATION_FOUND_WITHIN_BUDGET,100,0.0003074000005653943,,,False,,
neg-cost-dominates,exhaustive,NO_VIOLATION_FOUND_WITHIN_BUDGET,100,0.00031240000043908367,,,False,,
neg-linear-half,exhaustive,NO_VIOLATION_FOUND_WITHIN_BUDGET,100,0.0006103999994593323,,,False,,
neg-linear-third,exhaustive,NO_VIOLATION_FOUND_WITHIN_BUDGET,100,0.00041760000021895394,,,False,,
neg-no-award,exhaustive,NO_VIOLATION_FOUND_WITHIN_BUDGET,100,0.0003236999991713674,,,False,,
ext-aca-ptc-2020,combined,VIOLATION_FOUND,7,0.00011610000001383014,7,9.789999967324547e-05,True,IF-001,5998.9
ext-al-medicaid-parent-2023,combined,VIOLATION_FOUND,11,8.919999982026638e-05,11,7.969999933266081e-05,True,IF-001,8.9
ext-az-child-interaction-2023,combined,NO_VIOLATION_FOUND_WITHIN_BUDGET,100,0.001027500000418513,,,False,,
ext-co-medicaid-adult-2023,combined,VIOLATION_FOUND,11,9.049999971466605e-05,11,7.960000039020088e-05,True,IF-001,8.9
ext-eitc-one-child-2024,combined,NO_VIOLATION_FOUND_WITHIN_BUDGET,92,0.0003206000001227949,,,False,,
ext-far-mpt-2017,combined,VIOLATION_FOUND,6,6.679999933112413e-05,6,5.439999949885532e-05,True,IF-007,99
ext-ny-fcep-2024,combined,VIOLATION_FOUND,11,8.859999979904387e-05,11,7.920000007288763e-05,True,IF-001,8.9
ext-pa-chip-2022,combined,VIOLATION_FOUND,11,9.239999963028822e-05,11,8.290000005217735e-05,True,IF-001,8.9
ext-snap-gross-2024,combined,VIOLATION_FOUND,6,8.989999969344353e-05,6,8.170000000973232e-05,True,IF-001,8.9
ext-ssa-ret-2024,combined,NO_VIOLATION_FOUND_WITHIN_BUDGET,92,0.00031409999974130187,,,False,,
int-boundary-high,combined,VIOLATION_FOUND,6,7.379999988188501e-05,6,6.579999990208307e-05,True,IF-001,4
int-boundary-low,combined,VIOLATION_FOUND,4,6.98000003467314e-05,4,6.240000038815197e-05,True,IF-001,4
int-cliff-inclusive,combined,VIOLATION_FOUND,14,0.00021489999926416203,14,0.00020369999947433826,True,IF-001,7
int-cliff-low,combined,VIOLATION_FOUND,8,0.00021490000017365674,8,0.00020320000021456508,True,IF-001,7
int-cliff-medium,combined,VIOLATION_FOUND,8,0.00020490000042627798,8,0.000194500000361586,True,IF-001,5
int-composition-three,combined,VIOLATION_FOUND,10,0.00026929999967251206,10,0.00025719999939610716,True,IF-015,3
int-high-cost,combined,NO_VIOLATION_FOUND_WITHIN_BUDGET,100,0.00030949999927543104,,,False,,
int-honest-reporting,combined,NO_VIOLATION_FOUND_WITHIN_BUDGET,100,0.0003507999999783351,,,False,,
int-inclusive-validation,combined,VIOLATION_FOUND,14,0.00021979999928589677,14,0.00020649999987654155,True,IF-001,4
int-linear-phaseout,combined,NO_VIOLATION_FOUND_WITHIN_BUDGET,100,0.0004180999994787271,,,False,,
int-process-small,combined,VIOLATION_FOUND,10,0.0002102999997077859,10,0.00018499999987398041,True,IF-001,6
int-procurement,combined,VIOLATION_FOUND,12,0.0002662999995663995,12,0.00025149999964924064,True,IF-001,18
int-reporting,combined,VIOLATION_FOUND,8,0.00022949999947741162,8,0.00021629999992001103,True,IF-001,7
int-stacked-close,combined,VIOLATION_FOUND,10,0.0002752999998847372,10,0.00026170000001002336,True,IF-015,5
int-stacked-wide,combined,VIOLATION_FOUND,10,0.00027660000068863155,10,0.00026200000047538197,True,IF-015,4
int-zero-award,combined,NO_VIOLATION_FOUND_WITHIN_BUDGET,100,0.00031099999978323467,,,False,,
neg-cost-dominates,combined,NO_VIOLATION_FOUND_WITHIN_BUDGET,100,0.0003133000000161701,,,False,,
neg-linear-half,combined,NO_VIOLATION_FOUND_WITHIN_BUDGET,100,0.00041990000045188935,,,False,,
neg-linear-third,combined,NO_VIOLATION_FOUND_WITHIN_BUDGET,100,0.0004194000002826215,,,False,,
neg-no-award,combined,NO_VIOLATION_FOUND_WITHIN_BUDGET,100,0.00030590000005759066,,,False,,
