benchmark_id,status,replay,seconds
ext-aca-ptc-2020,FORMALLY_VIOLATED,True,0.017274100000577164
ext-al-medicaid-parent-2023,FORMALLY_VIOLATED,True,0.00833390000025247
ext-az-child-interaction-2023,FORMALLY_SATISFIED_WITHIN_DOMAIN,False,0.01903760000004695
ext-co-medicaid-adult-2023,FORMALLY_VIOLATED,True,0.009900299999571871
ext-eitc-one-child-2024,FORMALLY_SATISFIED_WITHIN_DOMAIN,False,0.011625999999523629
ext-ny-fcep-2024,FORMALLY_VIOLATED,True,0.008385799998904986
ext-pa-chip-2022,FORMALLY_VIOLATED,True,0.007650599999578844
ext-snap-gross-2024,FORMALLY_VIOLATED,True,0.008385499998439627
ext-ssa-ret-2024,FORMALLY_SATISFIED_WITHIN_DOMAIN,False,0.009569400000145833
int-boundary-high,FORMALLY_VIOLATED,True,0.009173299999019946
int-boundary-low,FORMALLY_VIOLATED,True,0.009321699998508848
int-cliff-inclusive,FORMALLY_VIOLATED,True,0.013074199999209668
int-cliff-low,FORMALLY_VIOLATED,True,0.011861000000862987
int-cliff-medium,FORMALLY_VIOLATED,True,0.01151320000008127
int-high-cost,FORMALLY_SATISFIED_WITHIN_DOMAIN,False,0.010650299998815171
int-honest-reporting,FORMALLY_SATISFIED_WITHIN_DOMAIN,False,0.010196199999882083
int-inclusive-validation,FORMALLY_VIOLATED,True,0.01067719999991823
int-linear-phaseout,FORMALLY_SATISFIED_WITHIN_DOMAIN,False,0.011203999999452208
int-process-small,FORMALLY_VIOLATED,True,0.014749799999663082
int-procurement,FORMALLY_VIOLATED,True,0.01097139999819774
int-reporting,FORMALLY_VIOLATED,True,0.011489000000437954
int-zero-award,FORMALLY_SATISFIED_WITHIN_DOMAIN,False,0.010057499999675201
neg-cost-dominates,FORMALLY_SATISFIED_WITHIN_DOMAIN,False,0.010582699999758916
neg-linear-half,FORMALLY_SATISFIED_WITHIN_DOMAIN,False,0.01075950000085868
neg-linear-third,FORMALLY_SATISFIED_WITHIN_DOMAIN,False,0.011184599999978673
neg-no-award,FORMALLY_SATISFIED_WITHIN_DOMAIN,False,0.010113199999977951
