benchmark_id,raw_size,reduced_size,ratio
ext-aca-ptc-2020,1,1,1.0
ext-al-medicaid-parent-2023,1,1,1.0
ext-co-medicaid-adult-2023,1,1,1.0
ext-far-mpt-2017,2,2,1.0
ext-ny-fcep-2024,1,1,1.0
ext-pa-chip-2022,1,1,1.0
ext-snap-gross-2024,1,1,1.0
int-boundary-high,1,1,1.0
int-boundary-low,1,1,1.0
int-cliff-inclusive,1,1,1.0
int-cliff-low,1,1,1.0
int-cliff-medium,1,1,1.0
int-composition-three,1,1,1.0
int-inclusive-validation,1,1,1.0
int-process-small,1,1,1.0
int-procurement,1,1,1.0
int-reporting,1,1,1.0
int-stacked-close,1,1,1.0
int-stacked-wide,1,1,1.0
