threshold,cost,bonus,regime,equilibrium_count,equilibria
1,1,0,H,1,HONEST|HONEST
1,1,1,OTHER,4,HONEST|HONEST;HONEST|MANIPULATE;MANIPULATE|HONEST;MANIPULATE|MANIPULATE
1,1,2,M,1,MANIPULATE|MANIPULATE
1,1,3,M,1,MANIPULATE|MANIPULATE
1,1,4,M,1,MANIPULATE|MANIPULATE
1,1,5,M,1,MANIPULATE|MANIPULATE
1,1,6,M,1,MANIPULATE|MANIPULATE
1,2,0,H,1,HONEST|HONEST
1,2,1,H,1,HONEST|HONEST
1,2,2,OTHER,4,HONEST|HONEST;HONEST|MANIPULATE;MANIPULATE|HONEST;MANIPULATE|MANIPULATE
1,2,3,M,1,MANIPULATE|MANIPULATE
1,2,4,M,1,MANIPULATE|MANIPULATE
1,2,5,M,1,MANIPULATE|MANIPULATE
1,2,6,M,1,MANIPULATE|MANIPULATE
1,3,0,H,1,HONEST|HONEST
1,3,1,H,1,HONEST|HONEST
1,3,2,H,1,HONEST|HONEST
1,3,3,OTHER,4,HONEST|HONEST;HONEST|MANIPULATE;MANIPULATE|HONEST;MANIPULATE|MANIPULATE
1,3,4,M,1,MANIPULATE|MANIPULATE
1,3,5,M,1,MANIPULATE|MANIPULATE
1,3,6,M,1,MANIPULATE|MANIPULATE
1,4,0,H,1,HONEST|HONEST
1,4,1,H,1,HONEST|HONEST
1,4,2,H,1,HONEST|HONEST
1,4,3,H,1,HONEST|HONEST
1,4,4,OTHER,4,HONEST|HONEST;HONEST|MANIPULATE;MANIPULATE|HONEST;MANIPULATE|MANIPULATE
1,4,5,M,1,MANIPULATE|MANIPULATE
1,4,6,M,1,MANIPULATE|MANIPULATE
2,1,0,H,1,HONEST|HONEST
2,1,1,MULTIPLE,2,HONEST|HONEST;MANIPULATE|MANIPULATE
2,1,2,MULTIPLE,2,HONEST|HONEST;MANIPULATE|MANIPULATE
2,1,3,MULTIPLE,2,HONEST|HONEST;MANIPULATE|MANIPULATE
2,1,4,MULTIPLE,2,HONEST|HONEST;MANIPULATE|MANIPULATE
2,1,5,MULTIPLE,2,HONEST|HONEST;MANIPULATE|MANIPULATE
2,1,6,MULTIPLE,2,HONEST|HONEST;MANIPULATE|MANIPULATE
2,2,0,H,1,HONEST|HONEST
2,2,1,H,1,HONEST|HONEST
2,2,2,MULTIPLE,2,HONEST|HONEST;MANIPULATE|MANIPULATE
2,2,3,MULTIPLE,2,HONEST|HONEST;MANIPULATE|MANIPULATE
2,2,4,MULTIPLE,2,HONEST|HONEST;MANIPULATE|MANIPULATE
2,2,5,MULTIPLE,2,HONEST|HONEST;MANIPULATE|MANIPULATE
2,2,6,MULTIPLE,2,HONEST|HONEST;MANIPULATE|MANIPULATE
2,3,0,H,1,HONEST|HONEST
2,3,1,H,1,HONEST|HONEST
2,3,2,H,1,HONEST|HONEST
2,3,3,MULTIPLE,2,HONEST|HONEST;MANIPULATE|MANIPULATE
2,3,4,MULTIPLE,2,HONEST|HONEST;MANIPULATE|MANIPULATE
2,3,5,MULTIPLE,2,HONEST|HONEST;MANIPULATE|MANIPULATE
2,3,6,MULTIPLE,2,HONEST|HONEST;MANIPULATE|MANIPULATE
2,4,0,H,1,HONEST|HONEST
2,4,1,H,1,HONEST|HONEST
2,4,2,H,1,HONEST|HONEST
2,4,3,H,1,HONEST|HONEST
2,4,4,MULTIPLE,2,HONEST|HONEST;MANIPULATE|MANIPULATE
2,4,5,MULTIPLE,2,HONEST|HONEST;MANIPULATE|MANIPULATE
2,4,6,MULTIPLE,2,HONEST|HONEST;MANIPULATE|MANIPULATE
