case,scenario,members,profitable_share,response_share,mean_positive_gain,max_gain,designer_impact,evaluations,seconds,agents_per_second,population_hash
scholarship,B0,512,0.515625,0.515625,91475.5,99999,"{""fiscal_cost"": ""51562.5000"", ""true_output"": ""-3.093750000""}",11264,0.758090,675.38,a8ee67be3225c1d329236a619fea975b5bf674307562761b4e54912ca77b7e9f
scholarship,B1,512,0.09375,0.09375,91480.0,99999,"{""fiscal_cost"": ""9375.0000"", ""true_output"": ""-0.140625000""}",2048,0.206275,2482.13,a8ee67be3225c1d329236a619fea975b5bf674307562761b4e54912ca77b7e9f
scholarship,B2,512,0.515625,0.515625,91475.5,99999,"{""fiscal_cost"": ""51562.5000"", ""true_output"": ""-3.093750000""}",11264,0.690104,741.92,a8ee67be3225c1d329236a619fea975b5bf674307562761b4e54912ca77b7e9f
phase_out,B0,64,0E+6,0E+6,0,0,"{""fiscal_cost"": ""0.0000000000000000""}",1408,0.090357,708.30,cc34852bf76fa11e09fb0a00e4674931b6aa23de281c06444f8ce32e459188e3
phase_out,B1,64,0E+6,0E+6,0,0,"{""fiscal_cost"": ""0.0000000000000000""}",256,0.015732,4068.22,cc34852bf76fa11e09fb0a00e4674931b6aa23de281c06444f8ce32e459188e3
phase_out,B2,64,0E+6,0E+6,0,0,"{""fiscal_cost"": ""0.0000000000000000""}",1408,0.085199,751.18,cc34852bf76fa11e09fb0a00e4674931b6aa23de281c06444f8ce32e459188e3
stacked,B0,84,0.1904761904761904761904761905,0.1904761904761904761904761905,6.624999999999999999999999998,11,"{""fiscal_cost"": ""2.297619047619047619047619050""}",528,0.028310,2967.17,cfe0ecab164ce12f5ff11f7fa400bba3991c25e2624778bb307df1433c8de665
stacked,B1,84,0.1071428571428571428571428571,0.1071428571428571428571428571,5.333333333333333333333333333,11,"{""fiscal_cost"": ""1.023809523809523809523809524""}",324,0.018317,4585.98,cfe0ecab164ce12f5ff11f7fa400bba3991c25e2624778bb307df1433c8de665
stacked,B2,84,0.1904761904761904761904761905,0E+28,6.624999999999999999999999998,11,"{""fiscal_cost"": ""0.0""}",528,0.028255,2972.98,cfe0ecab164ce12f5ff11f7fa400bba3991c25e2624778bb307df1433c8de665
procurement,B0,55,0.3999999999999999999999999999,0.3999999999999999999999999999,9.909090909090909090909090903,18,"{""process_burden"": ""-7.999999999999999999999999987""}",660,0.031478,1747.23,84f8367f15f0c31919b5ce4e192b83ad177254dc1428d82c0a05584677db85c4
procurement,B1,55,0.1454545454545454545454545454,0.1454545454545454545454545454,13.00000000000000000000000000,18,"{""process_burden"": ""-2.909090909090909090909090905""}",220,0.011224,4900.17,84f8367f15f0c31919b5ce4e192b83ad177254dc1428d82c0a05584677db85c4
procurement,B2,55,0.3999999999999999999999999999,0E+27,9.909090909090909090909090903,18,"{""process_burden"": ""0.00""}",660,0.026330,2088.85,84f8367f15f0c31919b5ce4e192b83ad177254dc1428d82c0a05584677db85c4
honest,B0,84,0E+28,0E+28,0,0,"{""fiscal_cost"": ""0.0""}",788,0.041762,2011.39,e8413a9d66925a60d091e7b2d181c624c04ef3e8c5bb32aba8f7308e479ac4b4
honest,B1,84,0E+28,0E+28,0,0,"{""fiscal_cost"": ""0.0""}",324,0.017106,4910.53,e8413a9d66925a60d091e7b2d181c624c04ef3e8c5bb32aba8f7308e479ac4b4
honest,B2,84,0E+28,0E+28,0,0,"{""fiscal_cost"": ""0.0""}",788,0.045970,1827.29,e8413a9d66925a60d091e7b2d181c624c04ef3e8c5bb32aba8f7308e479ac4b4
