case,member,state,fixed_cost,multiplier,profitable,gain
scholarship,scholarship-0,"{""reported_income"": ""499995"", ""true_income"": ""499995""}",0,0,False,0
scholarship,scholarship-1,"{""reported_income"": ""499995"", ""true_income"": ""499995""}",0,0.5,False,0.0
scholarship,scholarship-2,"{""reported_income"": ""499995"", ""true_income"": ""499995""}",0,1,False,0
scholarship,scholarship-3,"{""reported_income"": ""499995"", ""true_income"": ""499995""}",0,2,False,0
scholarship,scholarship-4,"{""reported_income"": ""499995"", ""true_income"": ""499995""}",1,0,False,-1
scholarship,scholarship-5,"{""reported_income"": ""499995"", ""true_income"": ""499995""}",1,0.5,False,-1.0
scholarship,scholarship-6,"{""reported_income"": ""499995"", ""true_income"": ""499995""}",1,1,False,-1
scholarship,scholarship-7,"{""reported_income"": ""499995"", ""true_income"": ""499995""}",1,2,False,-1
scholarship,scholarship-8,"{""reported_income"": ""499995"", ""true_income"": ""499995""}",10,0,False,-10
scholarship,scholarship-9,"{""reported_income"": ""499995"", ""true_income"": ""499995""}",10,0.5,False,-10.0
scholarship,scholarship-10,"{""reported_income"": ""499995"", ""true_income"": ""499995""}",10,1,False,-10
scholarship,scholarship-11,"{""reported_income"": ""499995"", ""true_income"": ""499995""}",10,2,False,-10
scholarship,scholarship-12,"{""reported_income"": ""499995"", ""true_income"": ""499995""}",100,0,False,-100
scholarship,scholarship-13,"{""reported_income"": ""499995"", ""true_income"": ""499995""}",100,0.5,False,-100.0
scholarship,scholarship-14,"{""reported_income"": ""499995"", ""true_income"": ""499995""}",100,1,False,-100
scholarship,scholarship-15,"{""reported_income"": ""499995"", ""true_income"": ""499995""}",100,2,False,-100
scholarship,scholarship-16,"{""reported_income"": ""499995"", ""true_income"": ""499995""}",1000,0,False,-1000
scholarship,scholarship-17,"{""reported_income"": ""499995"", ""true_income"": ""499995""}",1000,0.5,False,-1000.0
scholarship,scholarship-18,"{""reported_income"": ""499995"", ""true_income"": ""499995""}",1000,1,False,-1000
scholarship,scholarship-19,"{""reported_income"": ""499995"", ""true_income"": ""499995""}",1000,2,False,-1000
scholarship,scholarship-20,"{""reported_income"": ""499995"", ""true_income"": ""499995""}",50000,0,False,-50000
scholarship,scholarship-21,"{""reported_income"": ""499995"", ""true_income"": ""499995""}",50000,0.5,False,-50000.0
scholarship,scholarship-22,"{""reported_income"": ""499995"", ""true_income"": ""499995""}",50000,1,False,-50000
scholarship,scholarship-23,"{""reported_income"": ""499995"", ""true_income"": ""499995""}",50000,2,False,-50000
scholarship,scholarship-24,"{""reported_income"": ""499995"", ""true_income"": ""499995""}",99999,0,False,-99999
scholarship,scholarship-25,"{""reported_income"": ""499995"", ""true_income"": ""499995""}",99999,0.5,False,-99999.0
scholarship,scholarship-26,"{""reported_income"": ""499995"", ""true_income"": ""499995""}",99999,1,False,-99999
scholarship,scholarship-27,"{""reported_income"": ""499995"", ""true_income"": ""499995""}",99999,2,False,-99999
scholarship,scholarship-28,"{""reported_income"": ""499995"", ""true_income"": ""499995""}",100000,0,False,-100000
scholarship,scholarship-29,"{""reported_income"": ""499995"", ""true_income"": ""499995""}",100000,0.5,False,-100000.0
scholarship,scholarship-30,"{""reported_income"": ""499995"", ""true_income"": ""499995""}",100000,1,False,-100000
scholarship,scholarship-31,"{""reported_income"": ""499995"", ""true_income"": ""499995""}",100000,2,False,-100000
scholarship,scholarship-32,"{""reported_income"": ""499996"", ""true_income"": ""499996""}",0,0,False,0
scholarship,scholarship-33,"{""reported_income"": ""499996"", ""true_income"": ""499996""}",0,0.5,False,0.0
scholarship,scholarship-34,"{""reported_income"": ""499996"", ""true_income"": ""499996""}",0,1,False,0
scholarship,scholarship-35,"{""reported_income"": ""499996"", ""true_income"": ""499996""}",0,2,False,0
scholarship,scholarship-36,"{""reported_income"": ""499996"", ""true_income"": ""499996""}",1,0,False,-1
scholarship,scholarship-37,"{""reported_income"": ""499996"", ""true_income"": ""499996""}",1,0.5,False,-1.0
scholarship,scholarship-38,"{""reported_income"": ""499996"", ""true_income"": ""499996""}",1,1,False,-1
scholarship,scholarship-39,"{""reported_income"": ""499996"", ""true_income"": ""499996""}",1,2,False,-1
scholarship,scholarship-40,"{""reported_income"": ""499996"", ""true_income"": ""499996""}",10,0,False,-10
scholarship,scholarship-41,"{""reported_income"": ""499996"", ""true_income"": ""499996""}",10,0.5,False,-10.0
scholarship,scholarship-42,"{""reported_income"": ""499996"", ""true_income"": ""499996""}",10,1,False,-10
scholarship,scholarship-43,"{""reported_income"": ""499996"", ""true_income"": ""499996""}",10,2,False,-10
scholarship,scholarship-44,"{""reported_income"": ""499996"", ""true_income"": ""499996""}",100,0,False,-100
scholarship,scholarship-45,"{""reported_income"": ""499996"", ""true_income"": ""499996""}",100,0.5,False,-100.0
scholarship,scholarship-46,"{""reported_income"": ""499996"", ""true_income"": ""499996""}",100,1,False,-100
scholarship,scholarship-47,"{""reported_income"": ""499996"", ""true_income"": ""499996""}",100,2,False,-100
scholarship,scholarship-48,"{""reported_income"": ""499996"", ""true_income"": ""499996""}",1000,0,False,-1000
scholarship,scholarship-49,"{""reported_income"": ""499996"", ""true_income"": ""499996""}",1000,0.5,False,-1000.0
scholarship,scholarship-50,"{""reported_income"": ""499996"", ""true_income"": ""499996""}",1000,1,False,-1000
scholarship,scholarship-51,"{""reported_income"": ""499996"", ""true_income"": ""499996""}",1000,2,False,-1000
scholarship,scholarship-52,"{""reported_income"": ""499996"", ""true_income"": ""499996""}",50000,0,False,-50000
scholarship,scholarship-53,"{""reported_income"": ""499996"", ""true_income"": ""499996""}",50000,0.5,False,-50000.0
scholarship,scholarship-54,"{""reported_income"": ""499996"", ""true_income"": ""499996""}",50000,1,False,-50000
scholarship,scholarship-55,"{""reported_income"": ""499996"", ""true_income"": ""499996""}",50000,2,False,-50000
scholarship,scholarship-56,"{""reported_income"": ""499996"", ""true_income"": ""499996""}",99999,0,False,-99999
scholarship,scholarship-57,"{""reported_income"": ""499996"", ""true_income"": ""499996""}",99999,0.5,False,-99999.0
scholarship,scholarship-58,"{""reported_income"": ""499996"", ""true_income"": ""499996""}",99999,1,False,-99999
scholarship,scholarship-59,"{""reported_income"": ""499996"", ""true_income"": ""499996""}",99999,2,False,-99999
scholarship,scholarship-60,"{""reported_income"": ""499996"", ""true_income"": ""499996""}",100000,0,False,-100000
scholarship,scholarship-61,"{""reported_income"": ""499996"", ""true_income"": ""499996""}",100000,0.5,False,-100000.0
scholarship,scholarship-62,"{""reported_income"": ""499996"", ""true_income"": ""499996""}",100000,1,False,-100000
scholarship,scholarship-63,"{""reported_income"": ""499996"", ""true_income"": ""499996""}",100000,2,False,-100000
scholarship,scholarship-64,"{""reported_income"": ""499997"", ""true_income"": ""499997""}",0,0,False,0
scholarship,scholarship-65,"{""reported_income"": ""499997"", ""true_income"": ""499997""}",0,0.5,False,0.0
scholarship,scholarship-66,"{""reported_income"": ""499997"", ""true_income"": ""499997""}",0,1,False,0
scholarship,scholarship-67,"{""reported_income"": ""499997"", ""true_income"": ""499997""}",0,2,False,0
scholarship,scholarship-68,"{""reported_income"": ""499997"", ""true_income"": ""499997""}",1,0,False,-1
scholarship,scholarship-69,"{""reported_income"": ""499997"", ""true_income"": ""499997""}",1,0.5,False,-1.0
scholarship,scholarship-70,"{""reported_income"": ""499997"", ""true_income"": ""499997""}",1,1,False,-1
scholarship,scholarship-71,"{""reported_income"": ""499997"", ""true_income"": ""499997""}",1,2,False,-1
scholarship,scholarship-72,"{""reported_income"": ""499997"", ""true_income"": ""499997""}",10,0,False,-10
scholarship,scholarship-73,"{""reported_income"": ""499997"", ""true_income"": ""499997""}",10,0.5,False,-10.0
scholarship,scholarship-74,"{""reported_income"": ""499997"", ""true_income"": ""499997""}",10,1,False,-10
scholarship,scholarship-75,"{""reported_income"": ""499997"", ""true_income"": ""499997""}",10,2,False,-10
scholarship,scholarship-76,"{""reported_income"": ""499997"", ""true_income"": ""499997""}",100,0,False,-100
scholarship,scholarship-77,"{""reported_income"": ""499997"", ""true_income"": ""499997""}",100,0.5,False,-100.0
scholarship,scholarship-78,"{""reported_income"": ""499997"", ""true_income"": ""499997""}",100,1,False,-100
scholarship,scholarship-79,"{""reported_income"": ""499997"", ""true_income"": ""499997""}",100,2,False,-100
scholarship,scholarship-80,"{""reported_income"": ""499997"", ""true_income"": ""499997""}",1000,0,False,-1000
scholarship,scholarship-81,"{""reported_income"": ""499997"", ""true_income"": ""499997""}",1000,0.5,False,-1000.0
scholarship,scholarship-82,"{""reported_income"": ""499997"", ""true_income"": ""499997""}",1000,1,False,-1000
scholarship,scholarship-83,"{""reported_income"": ""499997"", ""true_income"": ""499997""}",1000,2,False,-1000
scholarship,scholarship-84,"{""reported_income"": ""499997"", ""true_income"": ""499997""}",50000,0,False,-50000
scholarship,scholarship-85,"{""reported_income"": ""499997"", ""true_income"": ""499997""}",50000,0.5,False,-50000.0
scholarship,scholarship-86,"{""reported_income"": ""499997"", ""true_income"": ""499997""}",50000,1,False,-50000
scholarship,scholarship-87,"{""reported_income"": ""499997"", ""true_income"": ""499997""}",50000,2,False,-50000
scholarship,scholarship-88,"{""reported_income"": ""499997"", ""true_income"": ""499997""}",99999,0,False,-99999
scholarship,scholarship-89,"{""reported_income"": ""499997"", ""true_income"": ""499997""}",99999,0.5,False,-99999.0
scholarship,scholarship-90,"{""reported_income"": ""499997"", ""true_income"": ""499997""}",99999,1,False,-99999
scholarship,scholarship-91,"{""reported_income"": ""499997"", ""true_income"": ""499997""}",99999,2,False,-99999
scholarship,scholarship-92,"{""reported_income"": ""499997"", ""true_income"": ""499997""}",100000,0,False,-100000
scholarship,scholarship-93,"{""reported_income"": ""499997"", ""true_income"": ""499997""}",100000,0.5,False,-100000.0
scholarship,scholarship-94,"{""reported_income"": ""499997"", ""true_income"": ""499997""}",100000,1,False,-100000
scholarship,scholarship-95,"{""reported_income"": ""499997"", ""true_income"": ""499997""}",100000,2,False,-100000
scholarship,scholarship-96,"{""reported_income"": ""499998"", ""true_income"": ""499998""}",0,0,False,0
scholarship,scholarship-97,"{""reported_income"": ""499998"", ""true_income"": ""499998""}",0,0.5,False,0.0
scholarship,scholarship-98,"{""reported_income"": ""499998"", ""true_income"": ""499998""}",0,1,False,0
scholarship,scholarship-99,"{""reported_income"": ""499998"", ""true_income"": ""499998""}",0,2,False,0
scholarship,scholarship-100,"{""reported_income"": ""499998"", ""true_income"": ""499998""}",1,0,False,-1
scholarship,scholarship-101,"{""reported_income"": ""499998"", ""true_income"": ""499998""}",1,0.5,False,-1.0
scholarship,scholarship-102,"{""reported_income"": ""499998"", ""true_income"": ""499998""}",1,1,False,-1
scholarship,scholarship-103,"{""reported_income"": ""499998"", ""true_income"": ""499998""}",1,2,False,-1
scholarship,scholarship-104,"{""reported_income"": ""499998"", ""true_income"": ""499998""}",10,0,False,-10
scholarship,scholarship-105,"{""reported_income"": ""499998"", ""true_income"": ""499998""}",10,0.5,False,-10.0
scholarship,scholarship-106,"{""reported_income"": ""499998"", ""true_income"": ""499998""}",10,1,False,-10
scholarship,scholarship-107,"{""reported_income"": ""499998"", ""true_income"": ""499998""}",10,2,False,-10
scholarship,scholarship-108,"{""reported_income"": ""499998"", ""true_income"": ""499998""}",100,0,False,-100
scholarship,scholarship-109,"{""reported_income"": ""499998"", ""true_income"": ""499998""}",100,0.5,False,-100.0
scholarship,scholarship-110,"{""reported_income"": ""499998"", ""true_income"": ""499998""}",100,1,False,-100
scholarship,scholarship-111,"{""reported_income"": ""499998"", ""true_income"": ""499998""}",100,2,False,-100
scholarship,scholarship-112,"{""reported_income"": ""499998"", ""true_income"": ""499998""}",1000,0,False,-1000
scholarship,scholarship-113,"{""reported_income"": ""499998"", ""true_income"": ""499998""}",1000,0.5,False,-1000.0
scholarship,scholarship-114,"{""reported_income"": ""499998"", ""true_income"": ""499998""}",1000,1,False,-1000
scholarship,scholarship-115,"{""reported_income"": ""499998"", ""true_income"": ""499998""}",1000,2,False,-1000
scholarship,scholarship-116,"{""reported_income"": ""499998"", ""true_income"": ""499998""}",50000,0,False,-50000
scholarship,scholarship-117,"{""reported_income"": ""499998"", ""true_income"": ""499998""}",50000,0.5,False,-50000.0
scholarship,scholarship-118,"{""reported_income"": ""499998"", ""true_income"": ""499998""}",50000,1,False,-50000
scholarship,scholarship-119,"{""reported_income"": ""499998"", ""true_income"": ""499998""}",50000,2,False,-50000
scholarship,scholarship-120,"{""reported_income"": ""499998"", ""true_income"": ""499998""}",99999,0,False,-99999
scholarship,scholarship-121,"{""reported_income"": ""499998"", ""true_income"": ""499998""}",99999,0.5,False,-99999.0
scholarship,scholarship-122,"{""reported_income"": ""499998"", ""true_income"": ""499998""}",99999,1,False,-99999
scholarship,scholarship-123,"{""reported_income"": ""499998"", ""true_income"": ""499998""}",99999,2,False,-99999
scholarship,scholarship-124,"{""reported_income"": ""499998"", ""true_income"": ""499998""}",100000,0,False,-100000
scholarship,scholarship-125,"{""reported_income"": ""499998"", ""true_income"": ""499998""}",100000,0.5,False,-100000.0
scholarship,scholarship-126,"{""reported_income"": ""499998"", ""true_income"": ""499998""}",100000,1,False,-100000
scholarship,scholarship-127,"{""reported_income"": ""499998"", ""true_income"": ""499998""}",100000,2,False,-100000
scholarship,scholarship-128,"{""reported_income"": ""499999"", ""true_income"": ""499999""}",0,0,False,0
scholarship,scholarship-129,"{""reported_income"": ""499999"", ""true_income"": ""499999""}",0,0.5,False,0.0
scholarship,scholarship-130,"{""reported_income"": ""499999"", ""true_income"": ""499999""}",0,1,False,0
scholarship,scholarship-131,"{""reported_income"": ""499999"", ""true_income"": ""499999""}",0,2,False,0
scholarship,scholarship-132,"{""reported_income"": ""499999"", ""true_income"": ""499999""}",1,0,False,-1
scholarship,scholarship-133,"{""reported_income"": ""499999"", ""true_income"": ""499999""}",1,0.5,False,-1.0
scholarship,scholarship-134,"{""reported_income"": ""499999"", ""true_income"": ""499999""}",1,1,False,-1
scholarship,scholarship-135,"{""reported_income"": ""499999"", ""true_income"": ""499999""}",1,2,False,-1
scholarship,scholarship-136,"{""reported_income"": ""499999"", ""true_income"": ""499999""}",10,0,False,-10
scholarship,scholarship-137,"{""reported_income"": ""499999"", ""true_income"": ""499999""}",10,0.5,False,-10.0
scholarship,scholarship-138,"{""reported_income"": ""499999"", ""true_income"": ""499999""}",10,1,False,-10
scholarship,scholarship-139,"{""reported_income"": ""499999"", ""true_income"": ""499999""}",10,2,False,-10
scholarship,scholarship-140,"{""reported_income"": ""499999"", ""true_income"": ""499999""}",100,0,False,-100
scholarship,scholarship-141,"{""reported_income"": ""499999"", ""true_income"": ""499999""}",100,0.5,False,-100.0
scholarship,scholarship-142,"{""reported_income"": ""499999"", ""true_income"": ""499999""}",100,1,False,-100
scholarship,scholarship-143,"{""reported_income"": ""499999"", ""true_income"": ""499999""}",100,2,False,-100
scholarship,scholarship-144,"{""reported_income"": ""499999"", ""true_income"": ""499999""}",1000,0,False,-1000
scholarship,scholarship-145,"{""reported_income"": ""499999"", ""true_income"": ""499999""}",1000,0.5,False,-1000.0
scholarship,scholarship-146,"{""reported_income"": ""499999"", ""true_income"": ""499999""}",1000,1,False,-1000
scholarship,scholarship-147,"{""reported_income"": ""499999"", ""true_income"": ""499999""}",1000,2,False,-1000
scholarship,scholarship-148,"{""reported_income"": ""499999"", ""true_income"": ""499999""}",50000,0,False,-50000
scholarship,scholarship-149,"{""reported_income"": ""499999"", ""true_income"": ""499999""}",50000,0.5,False,-50000.0
scholarship,scholarship-150,"{""reported_income"": ""499999"", ""true_income"": ""499999""}",50000,1,False,-50000
scholarship,scholarship-151,"{""reported_income"": ""499999"", ""true_income"": ""499999""}",50000,2,False,-50000
scholarship,scholarship-152,"{""reported_income"": ""499999"", ""true_income"": ""499999""}",99999,0,False,-99999
scholarship,scholarship-153,"{""reported_income"": ""499999"", ""true_income"": ""499999""}",99999,0.5,False,-99999.0
scholarship,scholarship-154,"{""reported_income"": ""499999"", ""true_income"": ""499999""}",99999,1,False,-99999
scholarship,scholarship-155,"{""reported_income"": ""499999"", ""true_income"": ""499999""}",99999,2,False,-99999
scholarship,scholarship-156,"{""reported_income"": ""499999"", ""true_income"": ""499999""}",100000,0,False,-100000
scholarship,scholarship-157,"{""reported_income"": ""499999"", ""true_income"": ""499999""}",100000,0.5,False,-100000.0
scholarship,scholarship-158,"{""reported_income"": ""499999"", ""true_income"": ""499999""}",100000,1,False,-100000
scholarship,scholarship-159,"{""reported_income"": ""499999"", ""true_income"": ""499999""}",100000,2,False,-100000
scholarship,scholarship-160,"{""reported_income"": ""500000"", ""true_income"": ""500000""}",0,0,True,99999
scholarship,scholarship-161,"{""reported_income"": ""500000"", ""true_income"": ""500000""}",0,0.5,True,99999.0
scholarship,scholarship-162,"{""reported_income"": ""500000"", ""true_income"": ""500000""}",0,1,True,99999
scholarship,scholarship-163,"{""reported_income"": ""500000"", ""true_income"": ""500000""}",0,2,True,99999
scholarship,scholarship-164,"{""reported_income"": ""500000"", ""true_income"": ""500000""}",1,0,True,99998
scholarship,scholarship-165,"{""reported_income"": ""500000"", ""true_income"": ""500000""}",1,0.5,True,99998.0
scholarship,scholarship-166,"{""reported_income"": ""500000"", ""true_income"": ""500000""}",1,1,True,99998
scholarship,scholarship-167,"{""reported_income"": ""500000"", ""true_income"": ""500000""}",1,2,True,99998
scholarship,scholarship-168,"{""reported_income"": ""500000"", ""true_income"": ""500000""}",10,0,True,99989
scholarship,scholarship-169,"{""reported_income"": ""500000"", ""true_income"": ""500000""}",10,0.5,True,99989.0
scholarship,scholarship-170,"{""reported_income"": ""500000"", ""true_income"": ""500000""}",10,1,True,99989
scholarship,scholarship-171,"{""reported_income"": ""500000"", ""true_income"": ""500000""}",10,2,True,99989
scholarship,scholarship-172,"{""reported_income"": ""500000"", ""true_income"": ""500000""}",100,0,True,99899
scholarship,scholarship-173,"{""reported_income"": ""500000"", ""true_income"": ""500000""}",100,0.5,True,99899.0
scholarship,scholarship-174,"{""reported_income"": ""500000"", ""true_income"": ""500000""}",100,1,True,99899
scholarship,scholarship-175,"{""reported_income"": ""500000"", ""true_income"": ""500000""}",100,2,True,99899
scholarship,scholarship-176,"{""reported_income"": ""500000"", ""true_income"": ""500000""}",1000,0,True,98999
scholarship,scholarship-177,"{""reported_income"": ""500000"", ""true_income"": ""500000""}",1000,0.5,True,98999.0
scholarship,scholarship-178,"{""reported_income"": ""500000"", ""true_income"": ""500000""}",1000,1,True,98999
scholarship,scholarship-179,"{""reported_income"": ""500000"", ""true_income"": ""500000""}",1000,2,True,98999
scholarship,scholarship-180,"{""reported_income"": ""500000"", ""true_income"": ""500000""}",50000,0,True,49999
scholarship,scholarship-181,"{""reported_income"": ""500000"", ""true_income"": ""500000""}",50000,0.5,True,49999.0
scholarship,scholarship-182,"{""reported_income"": ""500000"", ""true_income"": ""500000""}",50000,1,True,49999
scholarship,scholarship-183,"{""reported_income"": ""500000"", ""true_income"": ""500000""}",50000,2,True,49999
scholarship,scholarship-184,"{""reported_income"": ""500000"", ""true_income"": ""500000""}",99999,0,False,0
scholarship,scholarship-185,"{""reported_income"": ""500000"", ""true_income"": ""500000""}",99999,0.5,False,0.0
scholarship,scholarship-186,"{""reported_income"": ""500000"", ""true_income"": ""500000""}",99999,1,False,0
scholarship,scholarship-187,"{""reported_income"": ""500000"", ""true_income"": ""500000""}",99999,2,False,0
scholarship,scholarship-188,"{""reported_income"": ""500000"", ""true_income"": ""500000""}",100000,0,False,-1
scholarship,scholarship-189,"{""reported_income"": ""500000"", ""true_income"": ""500000""}",100000,0.5,False,-1.0
scholarship,scholarship-190,"{""reported_income"": ""500000"", ""true_income"": ""500000""}",100000,1,False,-1
scholarship,scholarship-191,"{""reported_income"": ""500000"", ""true_income"": ""500000""}",100000,2,False,-1
scholarship,scholarship-192,"{""reported_income"": ""500001"", ""true_income"": ""500001""}",0,0,True,99998
scholarship,scholarship-193,"{""reported_income"": ""500001"", ""true_income"": ""500001""}",0,0.5,True,99998.0
scholarship,scholarship-194,"{""reported_income"": ""500001"", ""true_income"": ""500001""}",0,1,True,99998
scholarship,scholarship-195,"{""reported_income"": ""500001"", ""true_income"": ""500001""}",0,2,True,99998
scholarship,scholarship-196,"{""reported_income"": ""500001"", ""true_income"": ""500001""}",1,0,True,99997
scholarship,scholarship-197,"{""reported_income"": ""500001"", ""true_income"": ""500001""}",1,0.5,True,99997.0
scholarship,scholarship-198,"{""reported_income"": ""500001"", ""true_income"": ""500001""}",1,1,True,99997
scholarship,scholarship-199,"{""reported_income"": ""500001"", ""true_income"": ""500001""}",1,2,True,99997
scholarship,scholarship-200,"{""reported_income"": ""500001"", ""true_income"": ""500001""}",10,0,True,99988
scholarship,scholarship-201,"{""reported_income"": ""500001"", ""true_income"": ""500001""}",10,0.5,True,99988.0
scholarship,scholarship-202,"{""reported_income"": ""500001"", ""true_income"": ""500001""}",10,1,True,99988
scholarship,scholarship-203,"{""reported_income"": ""500001"", ""true_income"": ""500001""}",10,2,True,99988
scholarship,scholarship-204,"{""reported_income"": ""500001"", ""true_income"": ""500001""}",100,0,True,99898
scholarship,scholarship-205,"{""reported_income"": ""500001"", ""true_income"": ""500001""}",100,0.5,True,99898.0
scholarship,scholarship-206,"{""reported_income"": ""500001"", ""true_income"": ""500001""}",100,1,True,99898
scholarship,scholarship-207,"{""reported_income"": ""500001"", ""true_income"": ""500001""}",100,2,True,99898
scholarship,scholarship-208,"{""reported_income"": ""500001"", ""true_income"": ""500001""}",1000,0,True,98998
scholarship,scholarship-209,"{""reported_income"": ""500001"", ""true_income"": ""500001""}",1000,0.5,True,98998.0
scholarship,scholarship-210,"{""reported_income"": ""500001"", ""true_income"": ""500001""}",1000,1,True,98998
scholarship,scholarship-211,"{""reported_income"": ""500001"", ""true_income"": ""500001""}",1000,2,True,98998
scholarship,scholarship-212,"{""reported_income"": ""500001"", ""true_income"": ""500001""}",50000,0,True,49998
scholarship,scholarship-213,"{""reported_income"": ""500001"", ""true_income"": ""500001""}",50000,0.5,True,49998.0
scholarship,scholarship-214,"{""reported_income"": ""500001"", ""true_income"": ""500001""}",50000,1,True,49998
scholarship,scholarship-215,"{""reported_income"": ""500001"", ""true_income"": ""500001""}",50000,2,True,49998
scholarship,scholarship-216,"{""reported_income"": ""500001"", ""true_income"": ""500001""}",99999,0,False,-1
scholarship,scholarship-217,"{""reported_income"": ""500001"", ""true_income"": ""500001""}",99999,0.5,False,-1.0
scholarship,scholarship-218,"{""reported_income"": ""500001"", ""true_income"": ""500001""}",99999,1,False,-1
scholarship,scholarship-219,"{""reported_income"": ""500001"", ""true_income"": ""500001""}",99999,2,False,-1
scholarship,scholarship-220,"{""reported_income"": ""500001"", ""true_income"": ""500001""}",100000,0,False,-2
scholarship,scholarship-221,"{""reported_income"": ""500001"", ""true_income"": ""500001""}",100000,0.5,False,-2.0
scholarship,scholarship-222,"{""reported_income"": ""500001"", ""true_income"": ""500001""}",100000,1,False,-2
scholarship,scholarship-223,"{""reported_income"": ""500001"", ""true_income"": ""500001""}",100000,2,False,-2
scholarship,scholarship-224,"{""reported_income"": ""500002"", ""true_income"": ""500002""}",0,0,True,99997
scholarship,scholarship-225,"{""reported_income"": ""500002"", ""true_income"": ""500002""}",0,0.5,True,99997.0
scholarship,scholarship-226,"{""reported_income"": ""500002"", ""true_income"": ""500002""}",0,1,True,99997
scholarship,scholarship-227,"{""reported_income"": ""500002"", ""true_income"": ""500002""}",0,2,True,99997
scholarship,scholarship-228,"{""reported_income"": ""500002"", ""true_income"": ""500002""}",1,0,True,99996
scholarship,scholarship-229,"{""reported_income"": ""500002"", ""true_income"": ""500002""}",1,0.5,True,99996.0
scholarship,scholarship-230,"{""reported_income"": ""500002"", ""true_income"": ""500002""}",1,1,True,99996
scholarship,scholarship-231,"{""reported_income"": ""500002"", ""true_income"": ""500002""}",1,2,True,99996
scholarship,scholarship-232,"{""reported_income"": ""500002"", ""true_income"": ""500002""}",10,0,True,99987
scholarship,scholarship-233,"{""reported_income"": ""500002"", ""true_income"": ""500002""}",10,0.5,True,99987.0
scholarship,scholarship-234,"{""reported_income"": ""500002"", ""true_income"": ""500002""}",10,1,True,99987
scholarship,scholarship-235,"{""reported_income"": ""500002"", ""true_income"": ""500002""}",10,2,True,99987
scholarship,scholarship-236,"{""reported_income"": ""500002"", ""true_income"": ""500002""}",100,0,True,99897
scholarship,scholarship-237,"{""reported_income"": ""500002"", ""true_income"": ""500002""}",100,0.5,True,99897.0
scholarship,scholarship-238,"{""reported_income"": ""500002"", ""true_income"": ""500002""}",100,1,True,99897
scholarship,scholarship-239,"{""reported_income"": ""500002"", ""true_income"": ""500002""}",100,2,True,99897
scholarship,scholarship-240,"{""reported_income"": ""500002"", ""true_income"": ""500002""}",1000,0,True,98997
scholarship,scholarship-241,"{""reported_income"": ""500002"", ""true_income"": ""500002""}",1000,0.5,True,98997.0
scholarship,scholarship-242,"{""reported_income"": ""500002"", ""true_income"": ""500002""}",1000,1,True,98997
scholarship,scholarship-243,"{""reported_income"": ""500002"", ""true_income"": ""500002""}",1000,2,True,98997
scholarship,scholarship-244,"{""reported_income"": ""500002"", ""true_income"": ""500002""}",50000,0,True,49997
scholarship,scholarship-245,"{""reported_income"": ""500002"", ""true_income"": ""500002""}",50000,0.5,True,49997.0
scholarship,scholarship-246,"{""reported_income"": ""500002"", ""true_income"": ""500002""}",50000,1,True,49997
scholarship,scholarship-247,"{""reported_income"": ""500002"", ""true_income"": ""500002""}",50000,2,True,49997
scholarship,scholarship-248,"{""reported_income"": ""500002"", ""true_income"": ""500002""}",99999,0,False,-2
scholarship,scholarship-249,"{""reported_income"": ""500002"", ""true_income"": ""500002""}",99999,0.5,False,-2.0
scholarship,scholarship-250,"{""reported_income"": ""500002"", ""true_income"": ""500002""}",99999,1,False,-2
scholarship,scholarship-251,"{""reported_income"": ""500002"", ""true_income"": ""500002""}",99999,2,False,-2
scholarship,scholarship-252,"{""reported_income"": ""500002"", ""true_income"": ""500002""}",100000,0,False,-3
scholarship,scholarship-253,"{""reported_income"": ""500002"", ""true_income"": ""500002""}",100000,0.5,False,-3.0
scholarship,scholarship-254,"{""reported_income"": ""500002"", ""true_income"": ""500002""}",100000,1,False,-3
scholarship,scholarship-255,"{""reported_income"": ""500002"", ""true_income"": ""500002""}",100000,2,False,-3
scholarship,scholarship-256,"{""reported_income"": ""500003"", ""true_income"": ""500003""}",0,0,True,99996
scholarship,scholarship-257,"{""reported_income"": ""500003"", ""true_income"": ""500003""}",0,0.5,True,99996.0
scholarship,scholarship-258,"{""reported_income"": ""500003"", ""true_income"": ""500003""}",0,1,True,99996
scholarship,scholarship-259,"{""reported_income"": ""500003"", ""true_income"": ""500003""}",0,2,True,99996
scholarship,scholarship-260,"{""reported_income"": ""500003"", ""true_income"": ""500003""}",1,0,True,99995
scholarship,scholarship-261,"{""reported_income"": ""500003"", ""true_income"": ""500003""}",1,0.5,True,99995.0
scholarship,scholarship-262,"{""reported_income"": ""500003"", ""true_income"": ""500003""}",1,1,True,99995
scholarship,scholarship-263,"{""reported_income"": ""500003"", ""true_income"": ""500003""}",1,2,True,99995
scholarship,scholarship-264,"{""reported_income"": ""500003"", ""true_income"": ""500003""}",10,0,True,99986
scholarship,scholarship-265,"{""reported_income"": ""500003"", ""true_income"": ""500003""}",10,0.5,True,99986.0
scholarship,scholarship-266,"{""reported_income"": ""500003"", ""true_income"": ""500003""}",10,1,True,99986
scholarship,scholarship-267,"{""reported_income"": ""500003"", ""true_income"": ""500003""}",10,2,True,99986
scholarship,scholarship-268,"{""reported_income"": ""500003"", ""true_income"": ""500003""}",100,0,True,99896
scholarship,scholarship-269,"{""reported_income"": ""500003"", ""true_income"": ""500003""}",100,0.5,True,99896.0
scholarship,scholarship-270,"{""reported_income"": ""500003"", ""true_income"": ""500003""}",100,1,True,99896
scholarship,scholarship-271,"{""reported_income"": ""500003"", ""true_income"": ""500003""}",100,2,True,99896
scholarship,scholarship-272,"{""reported_income"": ""500003"", ""true_income"": ""500003""}",1000,0,True,98996
scholarship,scholarship-273,"{""reported_income"": ""500003"", ""true_income"": ""500003""}",1000,0.5,True,98996.0
scholarship,scholarship-274,"{""reported_income"": ""500003"", ""true_income"": ""500003""}",1000,1,True,98996
scholarship,scholarship-275,"{""reported_income"": ""500003"", ""true_income"": ""500003""}",1000,2,True,98996
scholarship,scholarship-276,"{""reported_income"": ""500003"", ""true_income"": ""500003""}",50000,0,True,49996
scholarship,scholarship-277,"{""reported_income"": ""500003"", ""true_income"": ""500003""}",50000,0.5,True,49996.0
scholarship,scholarship-278,"{""reported_income"": ""500003"", ""true_income"": ""500003""}",50000,1,True,49996
scholarship,scholarship-279,"{""reported_income"": ""500003"", ""true_income"": ""500003""}",50000,2,True,49996
scholarship,scholarship-280,"{""reported_income"": ""500003"", ""true_income"": ""500003""}",99999,0,False,-3
scholarship,scholarship-281,"{""reported_income"": ""500003"", ""true_income"": ""500003""}",99999,0.5,False,-3.0
scholarship,scholarship-282,"{""reported_income"": ""500003"", ""true_income"": ""500003""}",99999,1,False,-3
scholarship,scholarship-283,"{""reported_income"": ""500003"", ""true_income"": ""500003""}",99999,2,False,-3
scholarship,scholarship-284,"{""reported_income"": ""500003"", ""true_income"": ""500003""}",100000,0,False,-4
scholarship,scholarship-285,"{""reported_income"": ""500003"", ""true_income"": ""500003""}",100000,0.5,False,-4.0
scholarship,scholarship-286,"{""reported_income"": ""500003"", ""true_income"": ""500003""}",100000,1,False,-4
scholarship,scholarship-287,"{""reported_income"": ""500003"", ""true_income"": ""500003""}",100000,2,False,-4
scholarship,scholarship-288,"{""reported_income"": ""500004"", ""true_income"": ""500004""}",0,0,True,99995
scholarship,scholarship-289,"{""reported_income"": ""500004"", ""true_income"": ""500004""}",0,0.5,True,99995.0
scholarship,scholarship-290,"{""reported_income"": ""500004"", ""true_income"": ""500004""}",0,1,True,99995
scholarship,scholarship-291,"{""reported_income"": ""500004"", ""true_income"": ""500004""}",0,2,True,99995
scholarship,scholarship-292,"{""reported_income"": ""500004"", ""true_income"": ""500004""}",1,0,True,99994
scholarship,scholarship-293,"{""reported_income"": ""500004"", ""true_income"": ""500004""}",1,0.5,True,99994.0
scholarship,scholarship-294,"{""reported_income"": ""500004"", ""true_income"": ""500004""}",1,1,True,99994
scholarship,scholarship-295,"{""reported_income"": ""500004"", ""true_income"": ""500004""}",1,2,True,99994
scholarship,scholarship-296,"{""reported_income"": ""500004"", ""true_income"": ""500004""}",10,0,True,99985
scholarship,scholarship-297,"{""reported_income"": ""500004"", ""true_income"": ""500004""}",10,0.5,True,99985.0
scholarship,scholarship-298,"{""reported_income"": ""500004"", ""true_income"": ""500004""}",10,1,True,99985
scholarship,scholarship-299,"{""reported_income"": ""500004"", ""true_income"": ""500004""}",10,2,True,99985
scholarship,scholarship-300,"{""reported_income"": ""500004"", ""true_income"": ""500004""}",100,0,True,99895
scholarship,scholarship-301,"{""reported_income"": ""500004"", ""true_income"": ""500004""}",100,0.5,True,99895.0
scholarship,scholarship-302,"{""reported_income"": ""500004"", ""true_income"": ""500004""}",100,1,True,99895
scholarship,scholarship-303,"{""reported_income"": ""500004"", ""true_income"": ""500004""}",100,2,True,99895
scholarship,scholarship-304,"{""reported_income"": ""500004"", ""true_income"": ""500004""}",1000,0,True,98995
scholarship,scholarship-305,"{""reported_income"": ""500004"", ""true_income"": ""500004""}",1000,0.5,True,98995.0
scholarship,scholarship-306,"{""reported_income"": ""500004"", ""true_income"": ""500004""}",1000,1,True,98995
scholarship,scholarship-307,"{""reported_income"": ""500004"", ""true_income"": ""500004""}",1000,2,True,98995
scholarship,scholarship-308,"{""reported_income"": ""500004"", ""true_income"": ""500004""}",50000,0,True,49995
scholarship,scholarship-309,"{""reported_income"": ""500004"", ""true_income"": ""500004""}",50000,0.5,True,49995.0
scholarship,scholarship-310,"{""reported_income"": ""500004"", ""true_income"": ""500004""}",50000,1,True,49995
scholarship,scholarship-311,"{""reported_income"": ""500004"", ""true_income"": ""500004""}",50000,2,True,49995
scholarship,scholarship-312,"{""reported_income"": ""500004"", ""true_income"": ""500004""}",99999,0,False,-4
scholarship,scholarship-313,"{""reported_income"": ""500004"", ""true_income"": ""500004""}",99999,0.5,False,-4.0
scholarship,scholarship-314,"{""reported_income"": ""500004"", ""true_income"": ""500004""}",99999,1,False,-4
scholarship,scholarship-315,"{""reported_income"": ""500004"", ""true_income"": ""500004""}",99999,2,False,-4
scholarship,scholarship-316,"{""reported_income"": ""500004"", ""true_income"": ""500004""}",100000,0,False,-5
scholarship,scholarship-317,"{""reported_income"": ""500004"", ""true_income"": ""500004""}",100000,0.5,False,-5.0
scholarship,scholarship-318,"{""reported_income"": ""500004"", ""true_income"": ""500004""}",100000,1,False,-5
scholarship,scholarship-319,"{""reported_income"": ""500004"", ""true_income"": ""500004""}",100000,2,False,-5
scholarship,scholarship-320,"{""reported_income"": ""500005"", ""true_income"": ""500005""}",0,0,True,99994
scholarship,scholarship-321,"{""reported_income"": ""500005"", ""true_income"": ""500005""}",0,0.5,True,99994.0
scholarship,scholarship-322,"{""reported_income"": ""500005"", ""true_income"": ""500005""}",0,1,True,99994
scholarship,scholarship-323,"{""reported_income"": ""500005"", ""true_income"": ""500005""}",0,2,True,99994
scholarship,scholarship-324,"{""reported_income"": ""500005"", ""true_income"": ""500005""}",1,0,True,99993
scholarship,scholarship-325,"{""reported_income"": ""500005"", ""true_income"": ""500005""}",1,0.5,True,99993.0
scholarship,scholarship-326,"{""reported_income"": ""500005"", ""true_income"": ""500005""}",1,1,True,99993
scholarship,scholarship-327,"{""reported_income"": ""500005"", ""true_income"": ""500005""}",1,2,True,99993
scholarship,scholarship-328,"{""reported_income"": ""500005"", ""true_income"": ""500005""}",10,0,True,99984
scholarship,scholarship-329,"{""reported_income"": ""500005"", ""true_income"": ""500005""}",10,0.5,True,99984.0
scholarship,scholarship-330,"{""reported_income"": ""500005"", ""true_income"": ""500005""}",10,1,True,99984
scholarship,scholarship-331,"{""reported_income"": ""500005"", ""true_income"": ""500005""}",10,2,True,99984
scholarship,scholarship-332,"{""reported_income"": ""500005"", ""true_income"": ""500005""}",100,0,True,99894
scholarship,scholarship-333,"{""reported_income"": ""500005"", ""true_income"": ""500005""}",100,0.5,True,99894.0
scholarship,scholarship-334,"{""reported_income"": ""500005"", ""true_income"": ""500005""}",100,1,True,99894
scholarship,scholarship-335,"{""reported_income"": ""500005"", ""true_income"": ""500005""}",100,2,True,99894
scholarship,scholarship-336,"{""reported_income"": ""500005"", ""true_income"": ""500005""}",1000,0,True,98994
scholarship,scholarship-337,"{""reported_income"": ""500005"", ""true_income"": ""500005""}",1000,0.5,True,98994.0
scholarship,scholarship-338,"{""reported_income"": ""500005"", ""true_income"": ""500005""}",1000,1,True,98994
scholarship,scholarship-339,"{""reported_income"": ""500005"", ""true_income"": ""500005""}",1000,2,True,98994
scholarship,scholarship-340,"{""reported_income"": ""500005"", ""true_income"": ""500005""}",50000,0,True,49994
scholarship,scholarship-341,"{""reported_income"": ""500005"", ""true_income"": ""500005""}",50000,0.5,True,49994.0
scholarship,scholarship-342,"{""reported_income"": ""500005"", ""true_income"": ""500005""}",50000,1,True,49994
scholarship,scholarship-343,"{""reported_income"": ""500005"", ""true_income"": ""500005""}",50000,2,True,49994
scholarship,scholarship-344,"{""reported_income"": ""500005"", ""true_income"": ""500005""}",99999,0,False,-5
scholarship,scholarship-345,"{""reported_income"": ""500005"", ""true_income"": ""500005""}",99999,0.5,False,-5.0
scholarship,scholarship-346,"{""reported_income"": ""500005"", ""true_income"": ""500005""}",99999,1,False,-5
scholarship,scholarship-347,"{""reported_income"": ""500005"", ""true_income"": ""500005""}",99999,2,False,-5
scholarship,scholarship-348,"{""reported_income"": ""500005"", ""true_income"": ""500005""}",100000,0,False,-6
scholarship,scholarship-349,"{""reported_income"": ""500005"", ""true_income"": ""500005""}",100000,0.5,False,-6.0
scholarship,scholarship-350,"{""reported_income"": ""500005"", ""true_income"": ""500005""}",100000,1,False,-6
scholarship,scholarship-351,"{""reported_income"": ""500005"", ""true_income"": ""500005""}",100000,2,False,-6
scholarship,scholarship-352,"{""reported_income"": ""500006"", ""true_income"": ""500006""}",0,0,True,99993
scholarship,scholarship-353,"{""reported_income"": ""500006"", ""true_income"": ""500006""}",0,0.5,True,99993.0
scholarship,scholarship-354,"{""reported_income"": ""500006"", ""true_income"": ""500006""}",0,1,True,99993
scholarship,scholarship-355,"{""reported_income"": ""500006"", ""true_income"": ""500006""}",0,2,True,99993
scholarship,scholarship-356,"{""reported_income"": ""500006"", ""true_income"": ""500006""}",1,0,True,99992
scholarship,scholarship-357,"{""reported_income"": ""500006"", ""true_income"": ""500006""}",1,0.5,True,99992.0
scholarship,scholarship-358,"{""reported_income"": ""500006"", ""true_income"": ""500006""}",1,1,True,99992
scholarship,scholarship-359,"{""reported_income"": ""500006"", ""true_income"": ""500006""}",1,2,True,99992
scholarship,scholarship-360,"{""reported_income"": ""500006"", ""true_income"": ""500006""}",10,0,True,99983
scholarship,scholarship-361,"{""reported_income"": ""500006"", ""true_income"": ""500006""}",10,0.5,True,99983.0
scholarship,scholarship-362,"{""reported_income"": ""500006"", ""true_income"": ""500006""}",10,1,True,99983
scholarship,scholarship-363,"{""reported_income"": ""500006"", ""true_income"": ""500006""}",10,2,True,99983
scholarship,scholarship-364,"{""reported_income"": ""500006"", ""true_income"": ""500006""}",100,0,True,99893
scholarship,scholarship-365,"{""reported_income"": ""500006"", ""true_income"": ""500006""}",100,0.5,True,99893.0
scholarship,scholarship-366,"{""reported_income"": ""500006"", ""true_income"": ""500006""}",100,1,True,99893
scholarship,scholarship-367,"{""reported_income"": ""500006"", ""true_income"": ""500006""}",100,2,True,99893
scholarship,scholarship-368,"{""reported_income"": ""500006"", ""true_income"": ""500006""}",1000,0,True,98993
scholarship,scholarship-369,"{""reported_income"": ""500006"", ""true_income"": ""500006""}",1000,0.5,True,98993.0
scholarship,scholarship-370,"{""reported_income"": ""500006"", ""true_income"": ""500006""}",1000,1,True,98993
scholarship,scholarship-371,"{""reported_income"": ""500006"", ""true_income"": ""500006""}",1000,2,True,98993
scholarship,scholarship-372,"{""reported_income"": ""500006"", ""true_income"": ""500006""}",50000,0,True,49993
scholarship,scholarship-373,"{""reported_income"": ""500006"", ""true_income"": ""500006""}",50000,0.5,True,49993.0
scholarship,scholarship-374,"{""reported_income"": ""500006"", ""true_income"": ""500006""}",50000,1,True,49993
scholarship,scholarship-375,"{""reported_income"": ""500006"", ""true_income"": ""500006""}",50000,2,True,49993
scholarship,scholarship-376,"{""reported_income"": ""500006"", ""true_income"": ""500006""}",99999,0,False,-6
scholarship,scholarship-377,"{""reported_income"": ""500006"", ""true_income"": ""500006""}",99999,0.5,False,-6.0
scholarship,scholarship-378,"{""reported_income"": ""500006"", ""true_income"": ""500006""}",99999,1,False,-6
scholarship,scholarship-379,"{""reported_income"": ""500006"", ""true_income"": ""500006""}",99999,2,False,-6
scholarship,scholarship-380,"{""reported_income"": ""500006"", ""true_income"": ""500006""}",100000,0,False,-7
scholarship,scholarship-381,"{""reported_income"": ""500006"", ""true_income"": ""500006""}",100000,0.5,False,-7.0
scholarship,scholarship-382,"{""reported_income"": ""500006"", ""true_income"": ""500006""}",100000,1,False,-7
scholarship,scholarship-383,"{""reported_income"": ""500006"", ""true_income"": ""500006""}",100000,2,False,-7
scholarship,scholarship-384,"{""reported_income"": ""500007"", ""true_income"": ""500007""}",0,0,True,99992
scholarship,scholarship-385,"{""reported_income"": ""500007"", ""true_income"": ""500007""}",0,0.5,True,99992.0
scholarship,scholarship-386,"{""reported_income"": ""500007"", ""true_income"": ""500007""}",0,1,True,99992
scholarship,scholarship-387,"{""reported_income"": ""500007"", ""true_income"": ""500007""}",0,2,True,99992
scholarship,scholarship-388,"{""reported_income"": ""500007"", ""true_income"": ""500007""}",1,0,True,99991
scholarship,scholarship-389,"{""reported_income"": ""500007"", ""true_income"": ""500007""}",1,0.5,True,99991.0
scholarship,scholarship-390,"{""reported_income"": ""500007"", ""true_income"": ""500007""}",1,1,True,99991
scholarship,scholarship-391,"{""reported_income"": ""500007"", ""true_income"": ""500007""}",1,2,True,99991
scholarship,scholarship-392,"{""reported_income"": ""500007"", ""true_income"": ""500007""}",10,0,True,99982
scholarship,scholarship-393,"{""reported_income"": ""500007"", ""true_income"": ""500007""}",10,0.5,True,99982.0
scholarship,scholarship-394,"{""reported_income"": ""500007"", ""true_income"": ""500007""}",10,1,True,99982
scholarship,scholarship-395,"{""reported_income"": ""500007"", ""true_income"": ""500007""}",10,2,True,99982
scholarship,scholarship-396,"{""reported_income"": ""500007"", ""true_income"": ""500007""}",100,0,True,99892
scholarship,scholarship-397,"{""reported_income"": ""500007"", ""true_income"": ""500007""}",100,0.5,True,99892.0
scholarship,scholarship-398,"{""reported_income"": ""500007"", ""true_income"": ""500007""}",100,1,True,99892
scholarship,scholarship-399,"{""reported_income"": ""500007"", ""true_income"": ""500007""}",100,2,True,99892
scholarship,scholarship-400,"{""reported_income"": ""500007"", ""true_income"": ""500007""}",1000,0,True,98992
scholarship,scholarship-401,"{""reported_income"": ""500007"", ""true_income"": ""500007""}",1000,0.5,True,98992.0
scholarship,scholarship-402,"{""reported_income"": ""500007"", ""true_income"": ""500007""}",1000,1,True,98992
scholarship,scholarship-403,"{""reported_income"": ""500007"", ""true_income"": ""500007""}",1000,2,True,98992
scholarship,scholarship-404,"{""reported_income"": ""500007"", ""true_income"": ""500007""}",50000,0,True,49992
scholarship,scholarship-405,"{""reported_income"": ""500007"", ""true_income"": ""500007""}",50000,0.5,True,49992.0
scholarship,scholarship-406,"{""reported_income"": ""500007"", ""true_income"": ""500007""}",50000,1,True,49992
scholarship,scholarship-407,"{""reported_income"": ""500007"", ""true_income"": ""500007""}",50000,2,True,49992
scholarship,scholarship-408,"{""reported_income"": ""500007"", ""true_income"": ""500007""}",99999,0,False,-7
scholarship,scholarship-409,"{""reported_income"": ""500007"", ""true_income"": ""500007""}",99999,0.5,False,-7.0
scholarship,scholarship-410,"{""reported_income"": ""500007"", ""true_income"": ""500007""}",99999,1,False,-7
scholarship,scholarship-411,"{""reported_income"": ""500007"", ""true_income"": ""500007""}",99999,2,False,-7
scholarship,scholarship-412,"{""reported_income"": ""500007"", ""true_income"": ""500007""}",100000,0,False,-8
scholarship,scholarship-413,"{""reported_income"": ""500007"", ""true_income"": ""500007""}",100000,0.5,False,-8.0
scholarship,scholarship-414,"{""reported_income"": ""500007"", ""true_income"": ""500007""}",100000,1,False,-8
scholarship,scholarship-415,"{""reported_income"": ""500007"", ""true_income"": ""500007""}",100000,2,False,-8
scholarship,scholarship-416,"{""reported_income"": ""500008"", ""true_income"": ""500008""}",0,0,True,99991
scholarship,scholarship-417,"{""reported_income"": ""500008"", ""true_income"": ""500008""}",0,0.5,True,99991.0
scholarship,scholarship-418,"{""reported_income"": ""500008"", ""true_income"": ""500008""}",0,1,True,99991
scholarship,scholarship-419,"{""reported_income"": ""500008"", ""true_income"": ""500008""}",0,2,True,99991
scholarship,scholarship-420,"{""reported_income"": ""500008"", ""true_income"": ""500008""}",1,0,True,99990
scholarship,scholarship-421,"{""reported_income"": ""500008"", ""true_income"": ""500008""}",1,0.5,True,99990.0
scholarship,scholarship-422,"{""reported_income"": ""500008"", ""true_income"": ""500008""}",1,1,True,99990
scholarship,scholarship-423,"{""reported_income"": ""500008"", ""true_income"": ""500008""}",1,2,True,99990
scholarship,scholarship-424,"{""reported_income"": ""500008"", ""true_income"": ""500008""}",10,0,True,99981
scholarship,scholarship-425,"{""reported_income"": ""500008"", ""true_income"": ""500008""}",10,0.5,True,99981.0
scholarship,scholarship-426,"{""reported_income"": ""500008"", ""true_income"": ""500008""}",10,1,True,99981
scholarship,scholarship-427,"{""reported_income"": ""500008"", ""true_income"": ""500008""}",10,2,True,99981
scholarship,scholarship-428,"{""reported_income"": ""500008"", ""true_income"": ""500008""}",100,0,True,99891
scholarship,scholarship-429,"{""reported_income"": ""500008"", ""true_income"": ""500008""}",100,0.5,True,99891.0
scholarship,scholarship-430,"{""reported_income"": ""500008"", ""true_income"": ""500008""}",100,1,True,99891
scholarship,scholarship-431,"{""reported_income"": ""500008"", ""true_income"": ""500008""}",100,2,True,99891
scholarship,scholarship-432,"{""reported_income"": ""500008"", ""true_income"": ""500008""}",1000,0,True,98991
scholarship,scholarship-433,"{""reported_income"": ""500008"", ""true_income"": ""500008""}",1000,0.5,True,98991.0
scholarship,scholarship-434,"{""reported_income"": ""500008"", ""true_income"": ""500008""}",1000,1,True,98991
scholarship,scholarship-435,"{""reported_income"": ""500008"", ""true_income"": ""500008""}",1000,2,True,98991
scholarship,scholarship-436,"{""reported_income"": ""500008"", ""true_income"": ""500008""}",50000,0,True,49991
scholarship,scholarship-437,"{""reported_income"": ""500008"", ""true_income"": ""500008""}",50000,0.5,True,49991.0
scholarship,scholarship-438,"{""reported_income"": ""500008"", ""true_income"": ""500008""}",50000,1,True,49991
scholarship,scholarship-439,"{""reported_income"": ""500008"", ""true_income"": ""500008""}",50000,2,True,49991
scholarship,scholarship-440,"{""reported_income"": ""500008"", ""true_income"": ""500008""}",99999,0,False,-8
scholarship,scholarship-441,"{""reported_income"": ""500008"", ""true_income"": ""500008""}",99999,0.5,False,-8.0
scholarship,scholarship-442,"{""reported_income"": ""500008"", ""true_income"": ""500008""}",99999,1,False,-8
scholarship,scholarship-443,"{""reported_income"": ""500008"", ""true_income"": ""500008""}",99999,2,False,-8
scholarship,scholarship-444,"{""reported_income"": ""500008"", ""true_income"": ""500008""}",100000,0,False,-9
scholarship,scholarship-445,"{""reported_income"": ""500008"", ""true_income"": ""500008""}",100000,0.5,False,-9.0
scholarship,scholarship-446,"{""reported_income"": ""500008"", ""true_income"": ""500008""}",100000,1,False,-9
scholarship,scholarship-447,"{""reported_income"": ""500008"", ""true_income"": ""500008""}",100000,2,False,-9
scholarship,scholarship-448,"{""reported_income"": ""500009"", ""true_income"": ""500009""}",0,0,True,99990
scholarship,scholarship-449,"{""reported_income"": ""500009"", ""true_income"": ""500009""}",0,0.5,True,99990.0
scholarship,scholarship-450,"{""reported_income"": ""500009"", ""true_income"": ""500009""}",0,1,True,99990
scholarship,scholarship-451,"{""reported_income"": ""500009"", ""true_income"": ""500009""}",0,2,True,99990
scholarship,scholarship-452,"{""reported_income"": ""500009"", ""true_income"": ""500009""}",1,0,True,99989
scholarship,scholarship-453,"{""reported_income"": ""500009"", ""true_income"": ""500009""}",1,0.5,True,99989.0
scholarship,scholarship-454,"{""reported_income"": ""500009"", ""true_income"": ""500009""}",1,1,True,99989
scholarship,scholarship-455,"{""reported_income"": ""500009"", ""true_income"": ""500009""}",1,2,True,99989
scholarship,scholarship-456,"{""reported_income"": ""500009"", ""true_income"": ""500009""}",10,0,True,99980
scholarship,scholarship-457,"{""reported_income"": ""500009"", ""true_income"": ""500009""}",10,0.5,True,99980.0
scholarship,scholarship-458,"{""reported_income"": ""500009"", ""true_income"": ""500009""}",10,1,True,99980
scholarship,scholarship-459,"{""reported_income"": ""500009"", ""true_income"": ""500009""}",10,2,True,99980
scholarship,scholarship-460,"{""reported_income"": ""500009"", ""true_income"": ""500009""}",100,0,True,99890
scholarship,scholarship-461,"{""reported_income"": ""500009"", ""true_income"": ""500009""}",100,0.5,True,99890.0
scholarship,scholarship-462,"{""reported_income"": ""500009"", ""true_income"": ""500009""}",100,1,True,99890
scholarship,scholarship-463,"{""reported_income"": ""500009"", ""true_income"": ""500009""}",100,2,True,99890
scholarship,scholarship-464,"{""reported_income"": ""500009"", ""true_income"": ""500009""}",1000,0,True,98990
scholarship,scholarship-465,"{""reported_income"": ""500009"", ""true_income"": ""500009""}",1000,0.5,True,98990.0
scholarship,scholarship-466,"{""reported_income"": ""500009"", ""true_income"": ""500009""}",1000,1,True,98990
scholarship,scholarship-467,"{""reported_income"": ""500009"", ""true_income"": ""500009""}",1000,2,True,98990
scholarship,scholarship-468,"{""reported_income"": ""500009"", ""true_income"": ""500009""}",50000,0,True,49990
scholarship,scholarship-469,"{""reported_income"": ""500009"", ""true_income"": ""500009""}",50000,0.5,True,49990.0
scholarship,scholarship-470,"{""reported_income"": ""500009"", ""true_income"": ""500009""}",50000,1,True,49990
scholarship,scholarship-471,"{""reported_income"": ""500009"", ""true_income"": ""500009""}",50000,2,True,49990
scholarship,scholarship-472,"{""reported_income"": ""500009"", ""true_income"": ""500009""}",99999,0,False,-9
scholarship,scholarship-473,"{""reported_income"": ""500009"", ""true_income"": ""500009""}",99999,0.5,False,-9.0
scholarship,scholarship-474,"{""reported_income"": ""500009"", ""true_income"": ""500009""}",99999,1,False,-9
scholarship,scholarship-475,"{""reported_income"": ""500009"", ""true_income"": ""500009""}",99999,2,False,-9
scholarship,scholarship-476,"{""reported_income"": ""500009"", ""true_income"": ""500009""}",100000,0,False,-10
scholarship,scholarship-477,"{""reported_income"": ""500009"", ""true_income"": ""500009""}",100000,0.5,False,-10.0
scholarship,scholarship-478,"{""reported_income"": ""500009"", ""true_income"": ""500009""}",100000,1,False,-10
scholarship,scholarship-479,"{""reported_income"": ""500009"", ""true_income"": ""500009""}",100000,2,False,-10
scholarship,scholarship-480,"{""reported_income"": ""500010"", ""true_income"": ""500010""}",0,0,True,99989
scholarship,scholarship-481,"{""reported_income"": ""500010"", ""true_income"": ""500010""}",0,0.5,True,99989.0
scholarship,scholarship-482,"{""reported_income"": ""500010"", ""true_income"": ""500010""}",0,1,True,99989
scholarship,scholarship-483,"{""reported_income"": ""500010"", ""true_income"": ""500010""}",0,2,True,99989
scholarship,scholarship-484,"{""reported_income"": ""500010"", ""true_income"": ""500010""}",1,0,True,99988
scholarship,scholarship-485,"{""reported_income"": ""500010"", ""true_income"": ""500010""}",1,0.5,True,99988.0
scholarship,scholarship-486,"{""reported_income"": ""500010"", ""true_income"": ""500010""}",1,1,True,99988
scholarship,scholarship-487,"{""reported_income"": ""500010"", ""true_income"": ""500010""}",1,2,True,99988
scholarship,scholarship-488,"{""reported_income"": ""500010"", ""true_income"": ""500010""}",10,0,True,99979
scholarship,scholarship-489,"{""reported_income"": ""500010"", ""true_income"": ""500010""}",10,0.5,True,99979.0
scholarship,scholarship-490,"{""reported_income"": ""500010"", ""true_income"": ""500010""}",10,1,True,99979
scholarship,scholarship-491,"{""reported_income"": ""500010"", ""true_income"": ""500010""}",10,2,True,99979
scholarship,scholarship-492,"{""reported_income"": ""500010"", ""true_income"": ""500010""}",100,0,True,99889
scholarship,scholarship-493,"{""reported_income"": ""500010"", ""true_income"": ""500010""}",100,0.5,True,99889.0
scholarship,scholarship-494,"{""reported_income"": ""500010"", ""true_income"": ""500010""}",100,1,True,99889
scholarship,scholarship-495,"{""reported_income"": ""500010"", ""true_income"": ""500010""}",100,2,True,99889
scholarship,scholarship-496,"{""reported_income"": ""500010"", ""true_income"": ""500010""}",1000,0,True,98989
scholarship,scholarship-497,"{""reported_income"": ""500010"", ""true_income"": ""500010""}",1000,0.5,True,98989.0
scholarship,scholarship-498,"{""reported_income"": ""500010"", ""true_income"": ""500010""}",1000,1,True,98989
scholarship,scholarship-499,"{""reported_income"": ""500010"", ""true_income"": ""500010""}",1000,2,True,98989
scholarship,scholarship-500,"{""reported_income"": ""500010"", ""true_income"": ""500010""}",50000,0,True,49989
scholarship,scholarship-501,"{""reported_income"": ""500010"", ""true_income"": ""500010""}",50000,0.5,True,49989.0
scholarship,scholarship-502,"{""reported_income"": ""500010"", ""true_income"": ""500010""}",50000,1,True,49989
scholarship,scholarship-503,"{""reported_income"": ""500010"", ""true_income"": ""500010""}",50000,2,True,49989
scholarship,scholarship-504,"{""reported_income"": ""500010"", ""true_income"": ""500010""}",99999,0,False,-10
scholarship,scholarship-505,"{""reported_income"": ""500010"", ""true_income"": ""500010""}",99999,0.5,False,-10.0
scholarship,scholarship-506,"{""reported_income"": ""500010"", ""true_income"": ""500010""}",99999,1,False,-10
scholarship,scholarship-507,"{""reported_income"": ""500010"", ""true_income"": ""500010""}",99999,2,False,-10
scholarship,scholarship-508,"{""reported_income"": ""500010"", ""true_income"": ""500010""}",100000,0,False,-11
scholarship,scholarship-509,"{""reported_income"": ""500010"", ""true_income"": ""500010""}",100000,0.5,False,-11.0
scholarship,scholarship-510,"{""reported_income"": ""500010"", ""true_income"": ""500010""}",100000,1,False,-11
scholarship,scholarship-511,"{""reported_income"": ""500010"", ""true_income"": ""500010""}",100000,2,False,-11
phase_out,phase_out-0,"{""income"": ""479999""}",0,1,False,0
phase_out,phase_out-1,"{""income"": ""479999""}",1,1,False,-1
phase_out,phase_out-2,"{""income"": ""479999""}",10,1,False,-10
phase_out,phase_out-3,"{""income"": ""479999""}",100,1,False,-100
phase_out,phase_out-4,"{""income"": ""479999""}",1000,1,False,-1000
phase_out,phase_out-5,"{""income"": ""479999""}",50000,1,False,-50000
phase_out,phase_out-6,"{""income"": ""479999""}",99999,1,False,-99999
phase_out,phase_out-7,"{""income"": ""479999""}",100000,1,False,-100000
phase_out,phase_out-8,"{""income"": ""480000""}",0,1,False,0
phase_out,phase_out-9,"{""income"": ""480000""}",1,1,False,-1
phase_out,phase_out-10,"{""income"": ""480000""}",10,1,False,-10
phase_out,phase_out-11,"{""income"": ""480000""}",100,1,False,-100
phase_out,phase_out-12,"{""income"": ""480000""}",1000,1,False,-1000
phase_out,phase_out-13,"{""income"": ""480000""}",50000,1,False,-50000
phase_out,phase_out-14,"{""income"": ""480000""}",99999,1,False,-99999
phase_out,phase_out-15,"{""income"": ""480000""}",100000,1,False,-100000
phase_out,phase_out-16,"{""income"": ""480001""}",0,1,False,0E-16
phase_out,phase_out-17,"{""income"": ""480001""}",1,1,False,-1.0000000000000000
phase_out,phase_out-18,"{""income"": ""480001""}",10,1,False,-10.0000000000000000
phase_out,phase_out-19,"{""income"": ""480001""}",100,1,False,-100.0000000000000000
phase_out,phase_out-20,"{""income"": ""480001""}",1000,1,False,-1000.0000000000000000
phase_out,phase_out-21,"{""income"": ""480001""}",50000,1,False,-50000.0000000000000000
phase_out,phase_out-22,"{""income"": ""480001""}",99999,1,False,-99999.0000000000000000
phase_out,phase_out-23,"{""income"": ""480001""}",100000,1,False,-100000.0000000000000000
phase_out,phase_out-24,"{""income"": ""500000""}",0,1,False,0E-16
phase_out,phase_out-25,"{""income"": ""500000""}",1,1,False,-1.0000000000000000
phase_out,phase_out-26,"{""income"": ""500000""}",10,1,False,-10.0000000000000000
phase_out,phase_out-27,"{""income"": ""500000""}",100,1,False,-100.0000000000000000
phase_out,phase_out-28,"{""income"": ""500000""}",1000,1,False,-1000.0000000000000000
phase_out,phase_out-29,"{""income"": ""500000""}",50000,1,False,-50000.0000000000000000
phase_out,phase_out-30,"{""income"": ""500000""}",99999,1,False,-99999.0000000000000000
phase_out,phase_out-31,"{""income"": ""500000""}",100000,1,False,-100000.0000000000000000
phase_out,phase_out-32,"{""income"": ""550000""}",0,1,False,0E-16
phase_out,phase_out-33,"{""income"": ""550000""}",1,1,False,-1.0000000000000000
phase_out,phase_out-34,"{""income"": ""550000""}",10,1,False,-10.0000000000000000
phase_out,phase_out-35,"{""income"": ""550000""}",100,1,False,-100.0000000000000000
phase_out,phase_out-36,"{""income"": ""550000""}",1000,1,False,-1000.0000000000000000
phase_out,phase_out-37,"{""income"": ""550000""}",50000,1,False,-50000.0000000000000000
phase_out,phase_out-38,"{""income"": ""550000""}",99999,1,False,-99999.0000000000000000
phase_out,phase_out-39,"{""income"": ""550000""}",100000,1,False,-100000.0000000000000000
phase_out,phase_out-40,"{""income"": ""619999""}",0,1,False,0E-16
phase_out,phase_out-41,"{""income"": ""619999""}",1,1,False,-1.0000000000000000
phase_out,phase_out-42,"{""income"": ""619999""}",10,1,False,-10.0000000000000000
phase_out,phase_out-43,"{""income"": ""619999""}",100,1,False,-100.0000000000000000
phase_out,phase_out-44,"{""income"": ""619999""}",1000,1,False,-1000.0000000000000000
phase_out,phase_out-45,"{""income"": ""619999""}",50000,1,False,-50000.0000000000000000
phase_out,phase_out-46,"{""income"": ""619999""}",99999,1,False,-99999.0000000000000000
phase_out,phase_out-47,"{""income"": ""619999""}",100000,1,False,-100000.0000000000000000
phase_out,phase_out-48,"{""income"": ""620000""}",0,1,False,0
phase_out,phase_out-49,"{""income"": ""620000""}",1,1,False,-1
phase_out,phase_out-50,"{""income"": ""620000""}",10,1,False,-10
phase_out,phase_out-51,"{""income"": ""620000""}",100,1,False,-100
phase_out,phase_out-52,"{""income"": ""620000""}",1000,1,False,-1000
phase_out,phase_out-53,"{""income"": ""620000""}",50000,1,False,-50000
phase_out,phase_out-54,"{""income"": ""620000""}",99999,1,False,-99999
phase_out,phase_out-55,"{""income"": ""620000""}",100000,1,False,-100000
phase_out,phase_out-56,"{""income"": ""620001""}",0,1,False,0
phase_out,phase_out-57,"{""income"": ""620001""}",1,1,False,-1
phase_out,phase_out-58,"{""income"": ""620001""}",10,1,False,-10
phase_out,phase_out-59,"{""income"": ""620001""}",100,1,False,-100
phase_out,phase_out-60,"{""income"": ""620001""}",1000,1,False,-1000
phase_out,phase_out-61,"{""income"": ""620001""}",50000,1,False,-50000
phase_out,phase_out-62,"{""income"": ""620001""}",99999,1,False,-99999
phase_out,phase_out-63,"{""income"": ""620001""}",100000,1,False,-100000
stacked,stacked-0,"{""income"": ""0""}",0,1,False,0
stacked,stacked-1,"{""income"": ""0""}",1,1,False,-1
stacked,stacked-2,"{""income"": ""0""}",5,1,False,-5
stacked,stacked-3,"{""income"": ""0""}",10,1,False,-10
stacked,stacked-4,"{""income"": ""1""}",0,1,False,0
stacked,stacked-5,"{""income"": ""1""}",1,1,False,-1
stacked,stacked-6,"{""income"": ""1""}",5,1,False,-5
stacked,stacked-7,"{""income"": ""1""}",10,1,False,-10
stacked,stacked-8,"{""income"": ""2""}",0,1,False,0
stacked,stacked-9,"{""income"": ""2""}",1,1,False,-1
stacked,stacked-10,"{""income"": ""2""}",5,1,False,-5
stacked,stacked-11,"{""income"": ""2""}",10,1,False,-10
stacked,stacked-12,"{""income"": ""3""}",0,1,False,0
stacked,stacked-13,"{""income"": ""3""}",1,1,False,-1
stacked,stacked-14,"{""income"": ""3""}",5,1,False,-5
stacked,stacked-15,"{""income"": ""3""}",10,1,False,-10
stacked,stacked-16,"{""income"": ""4""}",0,1,False,0
stacked,stacked-17,"{""income"": ""4""}",1,1,False,-1
stacked,stacked-18,"{""income"": ""4""}",5,1,False,-5
stacked,stacked-19,"{""income"": ""4""}",10,1,False,-10
stacked,stacked-20,"{""income"": ""5""}",0,1,False,0
stacked,stacked-21,"{""income"": ""5""}",1,1,False,-1
stacked,stacked-22,"{""income"": ""5""}",5,1,False,-5
stacked,stacked-23,"{""income"": ""5""}",10,1,False,-10
stacked,stacked-24,"{""income"": ""6""}",0,1,False,0
stacked,stacked-25,"{""income"": ""6""}",1,1,False,-1
stacked,stacked-26,"{""income"": ""6""}",5,1,False,-5
stacked,stacked-27,"{""income"": ""6""}",10,1,False,-10
stacked,stacked-28,"{""income"": ""7""}",0,1,False,0
stacked,stacked-29,"{""income"": ""7""}",1,1,False,-1
stacked,stacked-30,"{""income"": ""7""}",5,1,False,-5
stacked,stacked-31,"{""income"": ""7""}",10,1,False,-10
stacked,stacked-32,"{""income"": ""8""}",0,1,False,0
stacked,stacked-33,"{""income"": ""8""}",1,1,False,-1
stacked,stacked-34,"{""income"": ""8""}",5,1,False,-5
stacked,stacked-35,"{""income"": ""8""}",10,1,False,-10
stacked,stacked-36,"{""income"": ""9""}",0,1,False,0
stacked,stacked-37,"{""income"": ""9""}",1,1,False,-1
stacked,stacked-38,"{""income"": ""9""}",5,1,False,-5
stacked,stacked-39,"{""income"": ""9""}",10,1,False,-10
stacked,stacked-40,"{""income"": ""10""}",0,1,False,0
stacked,stacked-41,"{""income"": ""10""}",1,1,False,-1
stacked,stacked-42,"{""income"": ""10""}",5,1,False,-5
stacked,stacked-43,"{""income"": ""10""}",10,1,False,-10
stacked,stacked-44,"{""income"": ""11""}",0,1,True,7
stacked,stacked-45,"{""income"": ""11""}",1,1,True,6
stacked,stacked-46,"{""income"": ""11""}",5,1,True,2
stacked,stacked-47,"{""income"": ""11""}",10,1,False,-3
stacked,stacked-48,"{""income"": ""12""}",0,1,True,11
stacked,stacked-49,"{""income"": ""12""}",1,1,True,10
stacked,stacked-50,"{""income"": ""12""}",5,1,True,6
stacked,stacked-51,"{""income"": ""12""}",10,1,True,1
stacked,stacked-52,"{""income"": ""13""}",0,1,True,10
stacked,stacked-53,"{""income"": ""13""}",1,1,True,9
stacked,stacked-54,"{""income"": ""13""}",5,1,True,5
stacked,stacked-55,"{""income"": ""13""}",10,1,False,0
stacked,stacked-56,"{""income"": ""14""}",0,1,True,9
stacked,stacked-57,"{""income"": ""14""}",1,1,True,8
stacked,stacked-58,"{""income"": ""14""}",5,1,True,4
stacked,stacked-59,"{""income"": ""14""}",10,1,False,-1
stacked,stacked-60,"{""income"": ""15""}",0,1,True,8
stacked,stacked-61,"{""income"": ""15""}",1,1,True,7
stacked,stacked-62,"{""income"": ""15""}",5,1,True,3
stacked,stacked-63,"{""income"": ""15""}",10,1,False,-2
stacked,stacked-64,"{""income"": ""16""}",0,1,False,0
stacked,stacked-65,"{""income"": ""16""}",1,1,False,-1
stacked,stacked-66,"{""income"": ""16""}",5,1,False,-5
stacked,stacked-67,"{""income"": ""16""}",10,1,False,-10
stacked,stacked-68,"{""income"": ""17""}",0,1,False,0
stacked,stacked-69,"{""income"": ""17""}",1,1,False,-1
stacked,stacked-70,"{""income"": ""17""}",5,1,False,-5
stacked,stacked-71,"{""income"": ""17""}",10,1,False,-10
stacked,stacked-72,"{""income"": ""18""}",0,1,False,0
stacked,stacked-73,"{""income"": ""18""}",1,1,False,-1
stacked,stacked-74,"{""income"": ""18""}",5,1,False,-5
stacked,stacked-75,"{""income"": ""18""}",10,1,False,-10
stacked,stacked-76,"{""income"": ""19""}",0,1,False,0
stacked,stacked-77,"{""income"": ""19""}",1,1,False,-1
stacked,stacked-78,"{""income"": ""19""}",5,1,False,-5
stacked,stacked-79,"{""income"": ""19""}",10,1,False,-10
stacked,stacked-80,"{""income"": ""20""}",0,1,False,0
stacked,stacked-81,"{""income"": ""20""}",1,1,False,-1
stacked,stacked-82,"{""income"": ""20""}",5,1,False,-5
stacked,stacked-83,"{""income"": ""20""}",10,1,False,-10
procurement,procurement-0,"{""transaction_value"": ""95""}",0,1,False,0
procurement,procurement-1,"{""transaction_value"": ""95""}",1,1,False,-1
procurement,procurement-2,"{""transaction_value"": ""95""}",5,1,False,-5
procurement,procurement-3,"{""transaction_value"": ""95""}",10,1,False,-10
procurement,procurement-4,"{""transaction_value"": ""95""}",20,1,False,-20
procurement,procurement-5,"{""transaction_value"": ""96""}",0,1,False,0
procurement,procurement-6,"{""transaction_value"": ""96""}",1,1,False,-1
procurement,procurement-7,"{""transaction_value"": ""96""}",5,1,False,-5
procurement,procurement-8,"{""transaction_value"": ""96""}",10,1,False,-10
procurement,procurement-9,"{""transaction_value"": ""96""}",20,1,False,-20
procurement,procurement-10,"{""transaction_value"": ""97""}",0,1,False,0
procurement,procurement-11,"{""transaction_value"": ""97""}",1,1,False,-1
procurement,procurement-12,"{""transaction_value"": ""97""}",5,1,False,-5
procurement,procurement-13,"{""transaction_value"": ""97""}",10,1,False,-10
procurement,procurement-14,"{""transaction_value"": ""97""}",20,1,False,-20
procurement,procurement-15,"{""transaction_value"": ""98""}",0,1,False,0
procurement,procurement-16,"{""transaction_value"": ""98""}",1,1,False,-1
procurement,procurement-17,"{""transaction_value"": ""98""}",5,1,False,-5
procurement,procurement-18,"{""transaction_value"": ""98""}",10,1,False,-10
procurement,procurement-19,"{""transaction_value"": ""98""}",20,1,False,-20
procurement,procurement-20,"{""transaction_value"": ""99""}",0,1,False,0
procurement,procurement-21,"{""transaction_value"": ""99""}",1,1,False,-1
procurement,procurement-22,"{""transaction_value"": ""99""}",5,1,False,-5
procurement,procurement-23,"{""transaction_value"": ""99""}",10,1,False,-10
procurement,procurement-24,"{""transaction_value"": ""99""}",20,1,False,-20
procurement,procurement-25,"{""transaction_value"": ""100""}",0,1,True,18
procurement,procurement-26,"{""transaction_value"": ""100""}",1,1,True,17
procurement,procurement-27,"{""transaction_value"": ""100""}",5,1,True,13
procurement,procurement-28,"{""transaction_value"": ""100""}",10,1,True,8
procurement,procurement-29,"{""transaction_value"": ""100""}",20,1,False,-2
procurement,procurement-30,"{""transaction_value"": ""101""}",0,1,True,16
procurement,procurement-31,"{""transaction_value"": ""101""}",1,1,True,15
procurement,procurement-32,"{""transaction_value"": ""101""}",5,1,True,11
procurement,procurement-33,"{""transaction_value"": ""101""}",10,1,True,6
procurement,procurement-34,"{""transaction_value"": ""101""}",20,1,False,-4
procurement,procurement-35,"{""transaction_value"": ""102""}",0,1,True,14
procurement,procurement-36,"{""transaction_value"": ""102""}",1,1,True,13
procurement,procurement-37,"{""transaction_value"": ""102""}",5,1,True,9
procurement,procurement-38,"{""transaction_value"": ""102""}",10,1,True,4
procurement,procurement-39,"{""transaction_value"": ""102""}",20,1,False,-6
procurement,procurement-40,"{""transaction_value"": ""103""}",0,1,True,12
procurement,procurement-41,"{""transaction_value"": ""103""}",1,1,True,11
procurement,procurement-42,"{""transaction_value"": ""103""}",5,1,True,7
procurement,procurement-43,"{""transaction_value"": ""103""}",10,1,True,2
procurement,procurement-44,"{""transaction_value"": ""103""}",20,1,False,-8
procurement,procurement-45,"{""transaction_value"": ""104""}",0,1,True,10
procurement,procurement-46,"{""transaction_value"": ""104""}",1,1,True,9
procurement,procurement-47,"{""transaction_value"": ""104""}",5,1,True,5
procurement,procurement-48,"{""transaction_value"": ""104""}",10,1,False,0
procurement,procurement-49,"{""transaction_value"": ""104""}",20,1,False,-10
procurement,procurement-50,"{""transaction_value"": ""105""}",0,1,True,8
procurement,procurement-51,"{""transaction_value"": ""105""}",1,1,True,7
procurement,procurement-52,"{""transaction_value"": ""105""}",5,1,True,3
procurement,procurement-53,"{""transaction_value"": ""105""}",10,1,False,-2
procurement,procurement-54,"{""transaction_value"": ""105""}",20,1,False,-12
honest,honest-0,"{""reported_income"": ""0"", ""true_income"": ""0""}",0,1,False,0
honest,honest-1,"{""reported_income"": ""0"", ""true_income"": ""0""}",1,1,False,-1
honest,honest-2,"{""reported_income"": ""0"", ""true_income"": ""0""}",5,1,False,-5
honest,honest-3,"{""reported_income"": ""0"", ""true_income"": ""0""}",10,1,False,-10
honest,honest-4,"{""reported_income"": ""1"", ""true_income"": ""1""}",0,1,False,0
honest,honest-5,"{""reported_income"": ""1"", ""true_income"": ""1""}",1,1,False,-1
honest,honest-6,"{""reported_income"": ""1"", ""true_income"": ""1""}",5,1,False,-5
honest,honest-7,"{""reported_income"": ""1"", ""true_income"": ""1""}",10,1,False,-10
honest,honest-8,"{""reported_income"": ""2"", ""true_income"": ""2""}",0,1,False,0
honest,honest-9,"{""reported_income"": ""2"", ""true_income"": ""2""}",1,1,False,-1
honest,honest-10,"{""reported_income"": ""2"", ""true_income"": ""2""}",5,1,False,-5
honest,honest-11,"{""reported_income"": ""2"", ""true_income"": ""2""}",10,1,False,-10
honest,honest-12,"{""reported_income"": ""3"", ""true_income"": ""3""}",0,1,False,0
honest,honest-13,"{""reported_income"": ""3"", ""true_income"": ""3""}",1,1,False,-1
honest,honest-14,"{""reported_income"": ""3"", ""true_income"": ""3""}",5,1,False,-5
honest,honest-15,"{""reported_income"": ""3"", ""true_income"": ""3""}",10,1,False,-10
honest,honest-16,"{""reported_income"": ""4"", ""true_income"": ""4""}",0,1,False,0
honest,honest-17,"{""reported_income"": ""4"", ""true_income"": ""4""}",1,1,False,-1
honest,honest-18,"{""reported_income"": ""4"", ""true_income"": ""4""}",5,1,False,-5
honest,honest-19,"{""reported_income"": ""4"", ""true_income"": ""4""}",10,1,False,-10
honest,honest-20,"{""reported_income"": ""5"", ""true_income"": ""5""}",0,1,False,0
honest,honest-21,"{""reported_income"": ""5"", ""true_income"": ""5""}",1,1,False,-1
honest,honest-22,"{""reported_income"": ""5"", ""true_income"": ""5""}",5,1,False,-5
honest,honest-23,"{""reported_income"": ""5"", ""true_income"": ""5""}",10,1,False,-10
honest,honest-24,"{""reported_income"": ""6"", ""true_income"": ""6""}",0,1,False,0
honest,honest-25,"{""reported_income"": ""6"", ""true_income"": ""6""}",1,1,False,-1
honest,honest-26,"{""reported_income"": ""6"", ""true_income"": ""6""}",5,1,False,-5
honest,honest-27,"{""reported_income"": ""6"", ""true_income"": ""6""}",10,1,False,-10
honest,honest-28,"{""reported_income"": ""7"", ""true_income"": ""7""}",0,1,False,0
honest,honest-29,"{""reported_income"": ""7"", ""true_income"": ""7""}",1,1,False,-1
honest,honest-30,"{""reported_income"": ""7"", ""true_income"": ""7""}",5,1,False,-5
honest,honest-31,"{""reported_income"": ""7"", ""true_income"": ""7""}",10,1,False,-10
honest,honest-32,"{""reported_income"": ""8"", ""true_income"": ""8""}",0,1,False,0
honest,honest-33,"{""reported_income"": ""8"", ""true_income"": ""8""}",1,1,False,-1
honest,honest-34,"{""reported_income"": ""8"", ""true_income"": ""8""}",5,1,False,-5
honest,honest-35,"{""reported_income"": ""8"", ""true_income"": ""8""}",10,1,False,-10
honest,honest-36,"{""reported_income"": ""9"", ""true_income"": ""9""}",0,1,False,0
honest,honest-37,"{""reported_income"": ""9"", ""true_income"": ""9""}",1,1,False,-1
honest,honest-38,"{""reported_income"": ""9"", ""true_income"": ""9""}",5,1,False,-5
honest,honest-39,"{""reported_income"": ""9"", ""true_income"": ""9""}",10,1,False,-10
honest,honest-40,"{""reported_income"": ""10"", ""true_income"": ""10""}",0,1,False,0
honest,honest-41,"{""reported_income"": ""10"", ""true_income"": ""10""}",1,1,False,-1
honest,honest-42,"{""reported_income"": ""10"", ""true_income"": ""10""}",5,1,False,-5
honest,honest-43,"{""reported_income"": ""10"", ""true_income"": ""10""}",10,1,False,-10
honest,honest-44,"{""reported_income"": ""11"", ""true_income"": ""11""}",0,1,False,0
honest,honest-45,"{""reported_income"": ""11"", ""true_income"": ""11""}",1,1,False,-1
honest,honest-46,"{""reported_income"": ""11"", ""true_income"": ""11""}",5,1,False,-5
honest,honest-47,"{""reported_income"": ""11"", ""true_income"": ""11""}",10,1,False,-10
honest,honest-48,"{""reported_income"": ""12"", ""true_income"": ""12""}",0,1,False,0
honest,honest-49,"{""reported_income"": ""12"", ""true_income"": ""12""}",1,1,False,-1
honest,honest-50,"{""reported_income"": ""12"", ""true_income"": ""12""}",5,1,False,-5
honest,honest-51,"{""reported_income"": ""12"", ""true_income"": ""12""}",10,1,False,-10
honest,honest-52,"{""reported_income"": ""13"", ""true_income"": ""13""}",0,1,False,0
honest,honest-53,"{""reported_income"": ""13"", ""true_income"": ""13""}",1,1,False,-1
honest,honest-54,"{""reported_income"": ""13"", ""true_income"": ""13""}",5,1,False,-5
honest,honest-55,"{""reported_income"": ""13"", ""true_income"": ""13""}",10,1,False,-10
honest,honest-56,"{""reported_income"": ""14"", ""true_income"": ""14""}",0,1,False,0
honest,honest-57,"{""reported_income"": ""14"", ""true_income"": ""14""}",1,1,False,-1
honest,honest-58,"{""reported_income"": ""14"", ""true_income"": ""14""}",5,1,False,-5
honest,honest-59,"{""reported_income"": ""14"", ""true_income"": ""14""}",10,1,False,-10
honest,honest-60,"{""reported_income"": ""15"", ""true_income"": ""15""}",0,1,False,0
honest,honest-61,"{""reported_income"": ""15"", ""true_income"": ""15""}",1,1,False,-1
honest,honest-62,"{""reported_income"": ""15"", ""true_income"": ""15""}",5,1,False,-5
honest,honest-63,"{""reported_income"": ""15"", ""true_income"": ""15""}",10,1,False,-10
honest,honest-64,"{""reported_income"": ""16"", ""true_income"": ""16""}",0,1,False,0
honest,honest-65,"{""reported_income"": ""16"", ""true_income"": ""16""}",1,1,False,-1
honest,honest-66,"{""reported_income"": ""16"", ""true_income"": ""16""}",5,1,False,-5
honest,honest-67,"{""reported_income"": ""16"", ""true_income"": ""16""}",10,1,False,-10
honest,honest-68,"{""reported_income"": ""17"", ""true_income"": ""17""}",0,1,False,0
honest,honest-69,"{""reported_income"": ""17"", ""true_income"": ""17""}",1,1,False,-1
honest,honest-70,"{""reported_income"": ""17"", ""true_income"": ""17""}",5,1,False,-5
honest,honest-71,"{""reported_income"": ""17"", ""true_income"": ""17""}",10,1,False,-10
honest,honest-72,"{""reported_income"": ""18"", ""true_income"": ""18""}",0,1,False,0
honest,honest-73,"{""reported_income"": ""18"", ""true_income"": ""18""}",1,1,False,-1
honest,honest-74,"{""reported_income"": ""18"", ""true_income"": ""18""}",5,1,False,-5
honest,honest-75,"{""reported_income"": ""18"", ""true_income"": ""18""}",10,1,False,-10
honest,honest-76,"{""reported_income"": ""19"", ""true_income"": ""19""}",0,1,False,0
honest,honest-77,"{""reported_income"": ""19"", ""true_income"": ""19""}",1,1,False,-1
honest,honest-78,"{""reported_income"": ""19"", ""true_income"": ""19""}",5,1,False,-5
honest,honest-79,"{""reported_income"": ""19"", ""true_income"": ""19""}",10,1,False,-10
honest,honest-80,"{""reported_income"": ""20"", ""true_income"": ""20""}",0,1,False,0
honest,honest-81,"{""reported_income"": ""20"", ""true_income"": ""20""}",1,1,False,-1
honest,honest-82,"{""reported_income"": ""20"", ""true_income"": ""20""}",5,1,False,-5
honest,honest-83,"{""reported_income"": ""20"", ""true_income"": ""20""}",10,1,False,-10
