case,fixture,agreement
0,boundary_at_upper,True
1,safe_zero_award,True
2,stacked_close,True
3,inclusive_cliff,True
4,cliff_low_cost,True
5,stacked_wide,True
6,stacked_wide,True
7,cliff_low_cost,True
8,reported_safe_penalty,True
9,boundary_at_upper,True
10,inclusive_cliff,True
11,inclusive_cliff,True
12,inclusive_cliff,True
13,cliff_small_award,True
14,boundary_at_upper,True
15,reported_cliff,True
16,reported_cliff,True
17,reported_cliff,True
18,stacked_wide,True
19,boundary_at_upper,True
20,boundary_at_lower,True
21,reported_safe_penalty,True
22,cliff_small_award,True
23,reported_cliff,True
24,stacked_close,True
25,inclusive_cliff,True
26,boundary_at_upper,True
27,boundary_at_lower,True
28,cliff_low_cost,True
29,reported_safe_penalty,True
30,cliff_cost_one,True
31,inclusive_cliff,True
32,stacked_close,True
33,reported_safe_penalty,True
34,cliff_small_award,True
35,safe_high_cost,True
36,boundary_at_lower,True
37,safe_high_cost,True
38,cliff_cost_one,True
39,safe_zero_award,True
40,cliff_small_award,True
41,cliff_cost_one,True
42,reported_safe_penalty,True
43,boundary_at_upper,True
44,cliff_small_award,True
45,cliff_small_award,True
46,reported_safe_penalty,True
47,reported_cliff,True
48,safe_zero_award,True
49,reported_safe_penalty,True
50,stacked_close,True
51,boundary_at_lower,True
52,boundary_at_lower,True
53,safe_zero_award,True
54,boundary_at_lower,True
55,safe_zero_award,True
56,inclusive_cliff,True
57,inclusive_cliff,True
58,reported_cliff,True
59,safe_zero_award,True
60,cliff_small_award,True
61,reported_cliff,True
62,reported_safe_penalty,True
63,reported_safe_penalty,True
64,safe_zero_award,True
65,boundary_at_lower,True
66,cliff_low_cost,True
67,boundary_at_upper,True
68,cliff_small_award,True
69,cliff_cost_one,True
70,boundary_at_lower,True
71,safe_zero_award,True
72,boundary_at_lower,True
73,boundary_at_lower,True
74,reported_cliff,True
75,boundary_at_lower,True
76,safe_zero_award,True
77,boundary_at_lower,True
78,stacked_close,True
79,stacked_wide,True
80,stacked_close,True
81,boundary_at_upper,True
82,reported_safe_penalty,True
83,cliff_small_award,True
84,safe_high_cost,True
85,boundary_at_upper,True
86,boundary_at_lower,True
87,safe_zero_award,True
88,inclusive_cliff,True
89,cliff_small_award,True
90,cliff_low_cost,True
91,inclusive_cliff,True
92,safe_zero_award,True
93,reported_cliff,True
94,cliff_low_cost,True
95,safe_zero_award,True
96,cliff_low_cost,True
97,inclusive_cliff,True
98,boundary_at_lower,True
99,reported_safe_penalty,True
100,stacked_wide,True
101,reported_cliff,True
102,cliff_cost_one,True
103,safe_zero_award,True
104,boundary_at_lower,True
105,reported_safe_penalty,True
106,inclusive_cliff,True
107,reported_cliff,True
108,stacked_wide,True
109,reported_safe_penalty,True
110,inclusive_cliff,True
111,cliff_low_cost,True
112,cliff_small_award,True
113,stacked_wide,True
114,cliff_low_cost,True
115,cliff_small_award,True
116,inclusive_cliff,True
117,boundary_at_lower,True
118,boundary_at_upper,True
119,stacked_wide,True
120,boundary_at_upper,True
121,stacked_close,True
122,boundary_at_upper,True
123,boundary_at_lower,True
124,safe_zero_award,True
125,safe_zero_award,True
126,stacked_wide,True
127,cliff_low_cost,True
128,stacked_close,True
129,stacked_wide,True
130,boundary_at_lower,True
131,reported_cliff,True
132,cliff_cost_one,True
133,reported_cliff,True
134,boundary_at_upper,True
135,safe_zero_award,True
136,inclusive_cliff,True
137,boundary_at_upper,True
138,safe_zero_award,True
139,reported_safe_penalty,True
140,inclusive_cliff,True
141,safe_high_cost,True
142,safe_zero_award,True
143,inclusive_cliff,True
144,reported_cliff,True
145,reported_cliff,True
146,safe_zero_award,True
147,stacked_wide,True
148,cliff_small_award,True
149,stacked_wide,True
150,cliff_cost_one,True
151,cliff_low_cost,True
152,cliff_small_award,True
153,cliff_low_cost,True
154,cliff_small_award,True
155,reported_safe_penalty,True
156,stacked_wide,True
157,boundary_at_upper,True
158,safe_zero_award,True
159,boundary_at_upper,True
160,cliff_low_cost,True
161,safe_zero_award,True
162,cliff_low_cost,True
163,reported_cliff,True
164,stacked_wide,True
165,boundary_at_lower,True
166,boundary_at_upper,True
167,inclusive_cliff,True
168,cliff_low_cost,True
169,stacked_close,True
170,stacked_close,True
171,boundary_at_upper,True
172,reported_cliff,True
173,stacked_wide,True
174,inclusive_cliff,True
175,inclusive_cliff,True
176,safe_high_cost,True
177,inclusive_cliff,True
178,boundary_at_lower,True
179,cliff_small_award,True
180,safe_high_cost,True
181,safe_high_cost,True
182,reported_safe_penalty,True
183,stacked_close,True
184,reported_safe_penalty,True
185,reported_safe_penalty,True
186,safe_high_cost,True
187,safe_zero_award,True
188,reported_safe_penalty,True
189,stacked_wide,True
190,cliff_cost_one,True
191,cliff_small_award,True
192,stacked_wide,True
193,cliff_low_cost,True
194,boundary_at_upper,True
195,boundary_at_lower,True
196,cliff_cost_one,True
197,cliff_low_cost,True
198,reported_cliff,True
199,reported_cliff,True
200,inclusive_cliff,True
201,cliff_cost_one,True
202,stacked_close,True
203,cliff_low_cost,True
204,boundary_at_upper,True
205,boundary_at_lower,True
206,cliff_small_award,True
207,cliff_cost_one,True
208,safe_zero_award,True
209,stacked_close,True
210,inclusive_cliff,True
211,boundary_at_lower,True
212,safe_high_cost,True
213,cliff_small_award,True
214,cliff_cost_one,True
215,inclusive_cliff,True
216,inclusive_cliff,True
217,boundary_at_upper,True
218,stacked_wide,True
219,stacked_close,True
220,cliff_small_award,True
221,stacked_wide,True
222,stacked_wide,True
223,boundary_at_upper,True
224,cliff_cost_one,True
225,reported_cliff,True
226,reported_cliff,True
227,stacked_close,True
228,cliff_small_award,True
229,cliff_low_cost,True
230,stacked_wide,True
231,cliff_cost_one,True
232,stacked_close,True
233,cliff_low_cost,True
234,cliff_low_cost,True
235,reported_safe_penalty,True
236,cliff_small_award,True
237,stacked_close,True
238,reported_cliff,True
239,safe_high_cost,True
240,safe_zero_award,True
241,stacked_close,True
242,stacked_wide,True
243,inclusive_cliff,True
244,inclusive_cliff,True
245,safe_zero_award,True
246,stacked_wide,True
247,safe_zero_award,True
248,inclusive_cliff,True
249,stacked_wide,True
250,stacked_wide,True
251,reported_safe_penalty,True
252,safe_zero_award,True
253,cliff_small_award,True
254,reported_safe_penalty,True
255,boundary_at_upper,True
256,cliff_low_cost,True
257,safe_high_cost,True
258,safe_high_cost,True
259,cliff_cost_one,True
260,safe_zero_award,True
261,cliff_low_cost,True
262,reported_cliff,True
263,cliff_cost_one,True
264,boundary_at_upper,True
265,boundary_at_lower,True
266,boundary_at_upper,True
267,stacked_close,True
268,boundary_at_upper,True
269,safe_high_cost,True
270,boundary_at_upper,True
271,safe_high_cost,True
272,boundary_at_lower,True
273,stacked_wide,True
274,cliff_small_award,True
275,reported_cliff,True
276,safe_high_cost,True
277,safe_zero_award,True
278,cliff_low_cost,True
279,safe_high_cost,True
280,boundary_at_lower,True
281,safe_zero_award,True
282,cliff_small_award,True
283,cliff_low_cost,True
284,boundary_at_upper,True
285,boundary_at_upper,True
286,stacked_wide,True
287,boundary_at_upper,True
288,reported_cliff,True
289,stacked_close,True
290,safe_high_cost,True
291,stacked_close,True
292,stacked_wide,True
293,cliff_small_award,True
294,inclusive_cliff,True
295,stacked_close,True
296,stacked_close,True
297,safe_zero_award,True
298,stacked_close,True
299,cliff_small_award,True
300,cliff_low_cost,True
301,boundary_at_upper,True
302,boundary_at_upper,True
303,stacked_close,True
304,reported_safe_penalty,True
305,reported_cliff,True
306,boundary_at_upper,True
307,boundary_at_upper,True
308,reported_safe_penalty,True
309,inclusive_cliff,True
310,reported_safe_penalty,True
311,reported_safe_penalty,True
312,reported_safe_penalty,True
313,boundary_at_lower,True
314,stacked_wide,True
315,inclusive_cliff,True
316,cliff_small_award,True
317,reported_safe_penalty,True
318,cliff_cost_one,True
319,stacked_close,True
320,reported_cliff,True
321,safe_zero_award,True
322,boundary_at_lower,True
323,reported_cliff,True
324,stacked_close,True
325,stacked_wide,True
326,safe_zero_award,True
327,reported_cliff,True
328,cliff_low_cost,True
329,inclusive_cliff,True
330,reported_cliff,True
331,safe_zero_award,True
332,cliff_low_cost,True
333,cliff_small_award,True
334,cliff_cost_one,True
335,stacked_wide,True
336,cliff_small_award,True
337,safe_high_cost,True
338,reported_cliff,True
339,safe_high_cost,True
340,stacked_wide,True
341,boundary_at_upper,True
342,safe_high_cost,True
343,cliff_cost_one,True
344,boundary_at_upper,True
345,cliff_small_award,True
346,cliff_low_cost,True
347,stacked_close,True
348,reported_safe_penalty,True
349,reported_cliff,True
350,safe_high_cost,True
351,boundary_at_lower,True
352,boundary_at_upper,True
353,cliff_small_award,True
354,safe_zero_award,True
355,reported_safe_penalty,True
356,cliff_cost_one,True
357,cliff_low_cost,True
358,reported_cliff,True
359,cliff_low_cost,True
360,safe_high_cost,True
361,inclusive_cliff,True
362,reported_safe_penalty,True
363,safe_zero_award,True
364,safe_high_cost,True
365,safe_high_cost,True
366,cliff_small_award,True
367,safe_zero_award,True
368,cliff_low_cost,True
369,cliff_low_cost,True
370,cliff_cost_one,True
371,cliff_small_award,True
372,cliff_small_award,True
373,safe_high_cost,True
374,safe_high_cost,True
375,cliff_small_award,True
376,safe_high_cost,True
377,cliff_small_award,True
378,inclusive_cliff,True
379,boundary_at_upper,True
380,safe_zero_award,True
381,reported_cliff,True
382,stacked_close,True
383,reported_cliff,True
384,stacked_close,True
385,reported_safe_penalty,True
386,reported_cliff,True
387,inclusive_cliff,True
388,cliff_small_award,True
389,safe_zero_award,True
390,cliff_small_award,True
391,stacked_close,True
392,stacked_wide,True
393,stacked_close,True
394,cliff_small_award,True
395,inclusive_cliff,True
396,boundary_at_upper,True
397,reported_safe_penalty,True
398,stacked_wide,True
399,boundary_at_lower,True
400,stacked_wide,True
401,stacked_close,True
402,reported_safe_penalty,True
403,stacked_wide,True
404,stacked_close,True
405,boundary_at_lower,True
406,reported_cliff,True
407,cliff_small_award,True
408,reported_safe_penalty,True
409,safe_high_cost,True
410,inclusive_cliff,True
411,safe_high_cost,True
412,safe_zero_award,True
413,stacked_close,True
414,reported_safe_penalty,True
415,stacked_close,True
416,reported_cliff,True
417,stacked_close,True
418,safe_high_cost,True
419,reported_cliff,True
420,inclusive_cliff,True
421,cliff_small_award,True
422,cliff_cost_one,True
423,inclusive_cliff,True
424,boundary_at_lower,True
425,reported_cliff,True
426,reported_cliff,True
427,stacked_close,True
428,safe_zero_award,True
429,safe_high_cost,True
430,boundary_at_lower,True
431,safe_zero_award,True
432,cliff_small_award,True
433,boundary_at_lower,True
434,safe_zero_award,True
435,cliff_low_cost,True
436,cliff_low_cost,True
437,cliff_cost_one,True
438,cliff_cost_one,True
439,safe_high_cost,True
440,cliff_low_cost,True
441,boundary_at_upper,True
442,cliff_cost_one,True
443,inclusive_cliff,True
444,safe_high_cost,True
445,cliff_cost_one,True
446,safe_high_cost,True
447,reported_cliff,True
448,safe_zero_award,True
449,boundary_at_upper,True
450,safe_high_cost,True
451,cliff_low_cost,True
452,reported_safe_penalty,True
453,cliff_low_cost,True
454,reported_safe_penalty,True
455,stacked_close,True
456,safe_high_cost,True
457,stacked_wide,True
458,cliff_cost_one,True
459,cliff_cost_one,True
460,reported_cliff,True
461,reported_cliff,True
462,reported_safe_penalty,True
463,cliff_cost_one,True
464,cliff_low_cost,True
465,cliff_low_cost,True
466,boundary_at_lower,True
467,boundary_at_lower,True
468,reported_safe_penalty,True
469,safe_zero_award,True
470,inclusive_cliff,True
471,inclusive_cliff,True
472,stacked_wide,True
473,safe_zero_award,True
474,stacked_close,True
475,inclusive_cliff,True
476,safe_high_cost,True
477,stacked_close,True
478,cliff_small_award,True
479,cliff_low_cost,True
480,safe_zero_award,True
481,boundary_at_lower,True
482,stacked_close,True
483,boundary_at_lower,True
484,boundary_at_lower,True
485,cliff_small_award,True
486,reported_cliff,True
487,stacked_wide,True
488,safe_high_cost,True
489,cliff_cost_one,True
490,boundary_at_upper,True
491,safe_high_cost,True
492,cliff_cost_one,True
493,cliff_low_cost,True
494,reported_cliff,True
495,reported_safe_penalty,True
496,safe_zero_award,True
497,inclusive_cliff,True
498,boundary_at_upper,True
499,stacked_close,True
