fixture,method,ground_truth_violations,raw_findings,deduplicated_findings,true_positive_findings,false_positive_findings,recall,precision,evaluations,evaluations_to_first,runtime_seconds,best_private_gain,all_replay
scholarship_cliff,exhaustive,1,12,1,1,0,1.0,1.0,60,28,0.011019200086593628,99999,True
scholarship_cliff,boundary,1,3,1,1,0,1.0,1.0,18,6,0.00412050005979836,99999,True
scholarship_cliff,property,1,7,1,1,0,1.0,1.0,36,10,0.006752799963578582,99998,True
scholarship_cliff,grid,1,6,1,1,0,1.0,1.0,30,16,0.004673700081184506,99997,True
scholarship_cliff,combined,1,8,1,1,0,1.0,1.0,42,6,0.00983039999846369,99999,True
linear_phase_out,exhaustive,0,0,0,0,0,1.0,1.0,108,,0.016381499939598143,0,True
linear_phase_out,boundary,0,0,0,0,0,1.0,1.0,0,,3.260001540184021e-05,0,True
linear_phase_out,property,0,0,0,0,0,1.0,1.0,62,,0.006458700052462518,0,True
linear_phase_out,grid,0,0,0,0,0,1.0,1.0,18,,0.002265000017359853,0,True
linear_phase_out,combined,0,0,0,0,0,1.0,1.0,62,,0.006005000090226531,0,True
stacked_programs,exhaustive,4,19,4,4,0,1.0,1.0,237,121,0.032371000037528574,11,True
stacked_programs,boundary,4,17,4,4,0,1.0,1.0,72,8,0.012622399954125285,11,True
stacked_programs,property,4,10,3,3,0,0.75,1.0,135,30,0.01606930000707507,10,True
stacked_programs,grid,4,0,0,0,0,0.0,0.0,16,,0.0016567000420764089,0,True
stacked_programs,combined,4,17,4,4,0,1.0,1.0,161,8,0.022094700019806623,11,True
procurement_threshold,exhaustive,1,39,1,1,0,1.0,1.0,242,114,0.03468170005362481,18,True
procurement_threshold,boundary,1,6,1,1,0,1.0,1.0,36,4,0.006384200067259371,18,True
procurement_threshold,property,1,7,1,1,0,1.0,1.0,78,6,0.010572500061243773,14,True
procurement_threshold,grid,1,1,1,1,0,1.0,1.0,18,10,0.0025504999794065952,10,True
procurement_threshold,combined,1,11,1,1,0,1.0,1.0,102,4,0.016541499993763864,18,True
honest_reporting_control,exhaustive,0,0,0,0,0,1.0,1.0,8547,,1.0202900000149384,0,True
honest_reporting_control,boundary,0,0,0,0,0,1.0,1.0,1344,,0.2232559999683872,0,True
honest_reporting_control,property,0,0,0,0,0,1.0,1.0,2925,,0.3837457000045106,0,True
honest_reporting_control,grid,0,0,0,0,0,1.0,1.0,48,,0.004778999951668084,0,True
honest_reporting_control,combined,0,0,0,0,0,1.0,1.0,3855,,0.5044857000466436,0,True
